album_id,title,album_url,photo_count,locked,description,source_page
238081475,1996/97 LVP away Retro Jersey S-XXL,https://yang-jersey.x.yupoo.com/albums/238081475?uid=1&isSubCate=false&referrercate=3903592,,True,,1
235579051,1997/98 Norway Home Retro Jersey S-XXL,https://yang-jersey.x.yupoo.com/albums/235579051?uid=1&isSubCate=false&referrercate=3903592,,False,,1
235578142,1998 Brazil Second away white Retro Jersey S-XXL,https://yang-jersey.x.yupoo.com/albums/235578142?uid=1&isSubCate=false&referrercate=3903592,,False,,1
235574810,1995/96 LVP Adidas Bringback Green Retro Jersey S-XXL,https://yang-jersey.x.yupoo.com/albums/235574810?uid=1&isSubCate=false&referrercate=3903592,,True,,1
235446150,1996/97 LVP Special Edition White Retro Jersey S-XXL,https://yang-jersey.x.yupoo.com/albums/235446150?uid=1&isSubCate=false&referrercate=3903592,,True,,1
235443232,1996/97 LVP home Retro Jersey S-XXL,https://yang-jersey.x.yupoo.com/albums/235443232?uid=1&isSubCate=false&referrercate=3903592,,True,,1
235441033,1993/95 LVP away Retro Jersey S-XXL,https://yang-jersey.x.yupoo.com/albums/235441033?uid=1&isSubCate=false&referrercate=3903592,,True,,1
234997576,1986 Mexico Home Retro Soccer jersey S-XXL,https://yang-jersey.x.yupoo.com/albums/234997576?uid=1&isSubCate=false&referrercate=3903592,,False,,1
234996703,2016 Iron Maiden West Ham United home black Retro Soccer jersey S-XXL,https://yang-jersey.x.yupoo.com/albums/234996703?uid=1&isSubCate=false&referrercate=3903592,,False,,1
234994417,2006/07 Valencia away Retro Soccer jersey S-XXL,https://yang-jersey.x.yupoo.com/albums/234994417?uid=1&isSubCate=false&referrercate=3903592,,False,,1
232546706,1999/00 River Plate away retro football jersey S-XXL,https://yang-jersey.x.yupoo.com/albums/232546706?uid=1&isSubCate=false&referrercate=3903592,,False,,1
232546329,2005/06 River Plate away retro football jersey S-XXL,https://yang-jersey.x.yupoo.com/albums/232546329?uid=1&isSubCate=false&referrercate=3903592,,False,,1
232545882,2024 Brazil Lake Green Training Suit Retro Football jersey S-XXL,https://yang-jersey.x.yupoo.com/albums/232545882?uid=1&isSubCate=false&referrercate=3903592,,False,,1
232544242,1995/96 LVP Black Special Edition Retro Football jersey S-XXL,https://yang-jersey.x.yupoo.com/albums/232544242?uid=1&isSubCate=false&referrercate=3903592,,True,,1
173990965,Retro 1998 Spain away S-XXL,https://yang-jersey.x.yupoo.com/albums/173990965?uid=1&isSubCate=false&referrercate=3903592,,False,,1
166334236,2013/14 AC Home Long Sleeves Retro football jersey S-XXL,https://yang-jersey.x.yupoo.com/albums/166334236?uid=1&isSubCate=false&referrercate=3903592,,False,,1
135542552,2012/13 Corinthians home Vintage football jersey S-XXL,https://yang-jersey.x.yupoo.com/albums/135542552?uid=1&isSubCate=false&referrercate=3903592,,False,,1
145634947,2010 Corinthians 100th Anniversary Vintage football jersey S-XXL,https://yang-jersey.x.yupoo.com/albums/145634947?uid=1&isSubCate=false&referrercate=3903592,,False,,1
230126797,1980/82 France away long sleeved retro football jersey S-XXL,https://yang-jersey.x.yupoo.com/albums/230126797?uid=1&isSubCate=false&referrercate=3903592,,False,,1
230126318,1998 Japan Goalkeeper Flame Green Long Sleeve Retro Football jersey S-XXL,https://yang-jersey.x.yupoo.com/albums/230126318?uid=1&isSubCate=false&referrercate=3903592,,False,,1
230125844,1994 Palmeiras home retro football jersey S-XXL,https://yang-jersey.x.yupoo.com/albums/230125844?uid=1&isSubCate=false&referrercate=3903592,,False,,1
230125449,1990 Italy Home retro football jersey S-XXL,https://yang-jersey.x.yupoo.com/albums/230125449?uid=1&isSubCate=false&referrercate=3903592,,False,,1
135530325,1988 Netherlands Orange Training Suit Vintage football jersey  S-XXL,https://yang-jersey.x.yupoo.com/albums/135530325?uid=1&isSubCate=false&referrercate=3903592,,False,,1
130988327,1997/98 JVT home long sleeved Retro football jersey S-XXL,https://yang-jersey.x.yupoo.com/albums/130988327?uid=1&isSubCate=false&referrercate=3903592,,True,,1
130988067,1997/98 JVT home Retro football jersey S-XXL,https://yang-jersey.x.yupoo.com/albums/130988067?uid=1&isSubCate=false&referrercate=3903592,,True,,1
227997948,1988 Brazil home retro football jersey S-XXL,https://yang-jersey.x.yupoo.com/albums/227997948?uid=1&isSubCate=false&referrercate=3903592,,False,,1
227997670,2007/08 Benfica away pink retro football jersey S-XXL,https://yang-jersey.x.yupoo.com/albums/227997670?uid=1&isSubCate=false&referrercate=3903592,,False,,1
131599229,1995/96 JVT away Retro football jersey S-XXL,https://yang-jersey.x.yupoo.com/albums/131599229?uid=1&isSubCate=false&referrercate=3903592,,True,,1
227206470,2000/01 Roma home retro football jersey S-XXL,https://yang-jersey.x.yupoo.com/albums/227206470?uid=1&isSubCate=false&referrercate=3903592,,False,,1
227230506,1990 Yugoslavia away Retro football jersey S-XXL,https://yang-jersey.x.yupoo.com/albums/227230506?uid=1&isSubCate=false&referrercate=3903592,,False,,1
227229875,1998 Yugoslavia home Retro football jersey S-XXL,https://yang-jersey.x.yupoo.com/albums/227229875?uid=1&isSubCate=false&referrercate=3903592,,False,,1
227205472,1989/90 Ajax away long sleeved Retro football jersey S-XXL,https://yang-jersey.x.yupoo.com/albums/227205472?uid=1&isSubCate=false&referrercate=3903592,,False,,1
227205249,1980/82 France home long sleeved Retro football jersey S-XXL,https://yang-jersey.x.yupoo.com/albums/227205249?uid=1&isSubCate=false&referrercate=3903592,,False,,1
227204876,1994/95 Ajax Home Retro football jersey S-XXL,https://yang-jersey.x.yupoo.com/albums/227204876?uid=1&isSubCate=false&referrercate=3903592,,False,,1
227202712,1999 West Ham United away final edition Retro football jersey S-XXL,https://yang-jersey.x.yupoo.com/albums/227202712?uid=1&isSubCate=false&referrercate=3903592,,False,,1
227202488,1999 West Ham United Home Finals Retro football jersey S-XXL,https://yang-jersey.x.yupoo.com/albums/227202488?uid=1&isSubCate=false&referrercate=3903592,,False,,1
227201886,1992 Brazil away blue Retro football jersey S-XXL,https://yang-jersey.x.yupoo.com/albums/227201886?uid=1&isSubCate=false&referrercate=3903592,,False,,1
227199613,2008 Iron Maiden West Ham United away yellow Retro football jersey S-XXL,https://yang-jersey.x.yupoo.com/albums/227199613?uid=1&isSubCate=false&referrercate=3903592,,False,,1
227147198,2004/05 Benfica home Retro football jersey S-XXL,https://yang-jersey.x.yupoo.com/albums/227147198?uid=1&isSubCate=false&referrercate=3903592,,False,,1
226689309,2000/01 Roma home long sleeved retro football jersey S-XXL,https://yang-jersey.x.yupoo.com/albums/226689309?uid=1&isSubCate=false&referrercate=3903592,,False,,1
226686573,1998 Colombia away blue retro football jersey S-XXL,https://yang-jersey.x.yupoo.com/albums/226686573?uid=1&isSubCate=false&referrercate=3903592,,False,,1
226686240,2014 Portugal home red retro football jersey S-XXL,https://yang-jersey.x.yupoo.com/albums/226686240?uid=1&isSubCate=false&referrercate=3903592,,False,,1
226685791,1999/00 Toluca home red retro football jersey S-XXL,https://yang-jersey.x.yupoo.com/albums/226685791?uid=1&isSubCate=false&referrercate=3903592,,False,,1
226373601,2000 Italy home blue retro football jersey S-XXL,https://yang-jersey.x.yupoo.com/albums/226373601?uid=1&isSubCate=false&referrercate=3903592,,False,,1
226660851,1976/79 Wales home Vintage football jersey S-XXL,https://yang-jersey.x.yupoo.com/albums/226660851?uid=1&isSubCate=false&referrercate=3903592,,False,,1
113867703,2020/21 Jordan PSG fourth away purple S-XXL,https://yang-jersey.x.yupoo.com/albums/113867703?uid=1&isSubCate=false&referrercate=3903592,,False,,1
113866976,2021 Argentina home Vintage football jersey S-XXL,https://yang-jersey.x.yupoo.com/albums/113866976?uid=1&isSubCate=false&referrercate=3903592,,False,,1
225428539,1992/94 Arsenal away black retro football jersey S-XXL,https://yang-jersey.x.yupoo.com/albums/225428539?uid=1&isSubCate=false&referrercate=3903592,,False,,1
225428357,1994/95 Norway home retro football jersey S-XXL,https://yang-jersey.x.yupoo.com/albums/225428357?uid=1&isSubCate=false&referrercate=3903592,,False,,1
225428195,1994/95 Japan home retro football jersey S-XXL,https://yang-jersey.x.yupoo.com/albums/225428195?uid=1&isSubCate=false&referrercate=3903592,,False,,1
225428071,2017/18 Roma home retro football jersey S-XXL,https://yang-jersey.x.yupoo.com/albums/225428071?uid=1&isSubCate=false&referrercate=3903592,,False,,1
224896026,Retro 2000 Sao Paulo away football jersey S-XXL,https://yang-jersey.x.yupoo.com/albums/224896026?uid=1&isSubCate=false&referrercate=3903592,,False,,1
224895897,Retro 2000 Sao Paulo Home Collar Football Shirt S-XXL,https://yang-jersey.x.yupoo.com/albums/224895897?uid=1&isSubCate=false&referrercate=3903592,,False,,1
224895712,Retro 2000 Sao Paulo home round neck football jersey S-XXL,https://yang-jersey.x.yupoo.com/albums/224895712?uid=1&isSubCate=false&referrercate=3903592,,False,,1
224033205,Retro 2026/27 Manchester United joint edition football jersey S-XXL,https://yang-jersey.x.yupoo.com/albums/224033205?uid=1&isSubCate=false&referrercate=3903592,,False,,1
224032843,Retro 2020 Paris City Commemorative Edition football jersey S-XXL,https://yang-jersey.x.yupoo.com/albums/224032843?uid=1&isSubCate=false&referrercate=3903592,,False,,1
223244202,Retro América Commemorative Edition Home Yupoo Soccer Jerseys S-XXL,https://yang-jersey.x.yupoo.com/albums/223244202?uid=1&isSubCate=false&referrercate=3903592,,False,,1
223241133,Retro 2018/19 JVT home Yupoo Soccer Jerseys S-XXL,https://yang-jersey.x.yupoo.com/albums/223241133?uid=1&isSubCate=false&referrercate=3903592,,True,,1
223240877,Retro 2019/20 LVP Home Yupoo Soccer Jerseys S-XXL,https://yang-jersey.x.yupoo.com/albums/223240877?uid=1&isSubCate=false&referrercate=3903592,,True,,1
223196939,Retro 2006 Spain away Yupoo Soccer Jerseys S-XXL,https://yang-jersey.x.yupoo.com/albums/223196939?uid=1&isSubCate=false&referrercate=3903592,,False,,1
223196145,Retro 2012/13 Santos Pink Shoulder Badge Yupoo Soccer Jerseys S-XXL,https://yang-jersey.x.yupoo.com/albums/223196145?uid=1&isSubCate=false&referrercate=3903592,,False,,1
223196032,Retro 1992/94 Inter Milan  Second away Yupoo Soccer Jerseys S-XXL,https://yang-jersey.x.yupoo.com/albums/223196032?uid=1&isSubCate=false&referrercate=3903592,,False,,1
223195455,Retro 2006 Portugal  Second away  Yupoo Soccer Jerseys S-XXL,https://yang-jersey.x.yupoo.com/albums/223195455?uid=1&isSubCate=false&referrercate=3903592,,False,,1
223194414,Retro 2012 Portugal home Yupoo Soccer Jerseys S-XXL,https://yang-jersey.x.yupoo.com/albums/223194414?uid=1&isSubCate=false&referrercate=3903592,,False,,1
223194211,Retro 1999/00 Roma away long sleeved Yupoo Soccer Jerseys S-XXL,https://yang-jersey.x.yupoo.com/albums/223194211?uid=1&isSubCate=false&referrercate=3903592,,False,,1
223163208,Retro 1998/99 Roma Second away Long sleeved Yupoo Soccer Jerseys S-XXL,https://yang-jersey.x.yupoo.com/albums/223163208?uid=1&isSubCate=false&referrercate=3903592,,False,,1
223162963,Retro 1998/99 Roma  Second away Yupoo Soccer Jerseys S-XXL,https://yang-jersey.x.yupoo.com/albums/223162963?uid=1&isSubCate=false&referrercate=3903592,,False,,1
223160546,Retro 2006 Argentina away long sleeved Yupoo Soccer Jerseys S-XXL,https://yang-jersey.x.yupoo.com/albums/223160546?uid=1&isSubCate=false&referrercate=3903592,,False,,1
223143563,Retro 2010/11 Barcelona away long sleeved Yupoo Soccer Jerseys S-XXL,https://yang-jersey.x.yupoo.com/albums/223143563?uid=1&isSubCate=false&referrercate=3903592,,False,,1
223143168,Retro 2004 Brazil home long sleeved Yupoo Soccer Jerseys S-XXL,https://yang-jersey.x.yupoo.com/albums/223143168?uid=1&isSubCate=false&referrercate=3903592,,False,,1
223141954,Retro 1999/00 Roma 2nd away long sleeved Yupoo Soccer Jerseys S-XXL,https://yang-jersey.x.yupoo.com/albums/223141954?uid=1&isSubCate=false&referrercate=3903592,,False,,1
223141012,Retro 1999/00 Roma home long sleeved Yupoo Soccer Jerseys S-XXL,https://yang-jersey.x.yupoo.com/albums/223141012?uid=1&isSubCate=false&referrercate=3903592,,False,,1
223118510,Retro 1999/00 Roma away Yupoo Soccer Jerseys S-XXL,https://yang-jersey.x.yupoo.com/albums/223118510?uid=1&isSubCate=false&referrercate=3903592,,False,,1
223118189,Retro 2007/08 Barcelona home long sleeved Yupoo Soccer Jerseys S-XXL,https://yang-jersey.x.yupoo.com/albums/223118189?uid=1&isSubCate=false&referrercate=3903592,,False,,1
223102305,Retro 2011/12 Atletico Madrid away Yupoo Soccer Jerseys S-XXL,https://yang-jersey.x.yupoo.com/albums/223102305?uid=1&isSubCate=false&referrercate=3903592,,False,,1
223101966,Retro 2011/12 Atletico Madrid home Champions League version Yupoo Soccer Jerseys S-XXL,https://yang-jersey.x.yupoo.com/albums/223101966?uid=1&isSubCate=false&referrercate=3903592,,False,,1
222984252,Retro 1992/94 Ireland home Yupoo Soccer Jerseys S-XXL,https://yang-jersey.x.yupoo.com/albums/222984252?uid=1&isSubCate=false&referrercate=3903592,,False,,1
222983824,Retro 1990/92 Ireland home Yupoo Soccer Jerseys S-XXL,https://yang-jersey.x.yupoo.com/albums/222983824?uid=1&isSubCate=false&referrercate=3903592,,False,,1
222983617,Retro 1990/92 Ireland away Yupoo Soccer Jerseys S-XXL,https://yang-jersey.x.yupoo.com/albums/222983617?uid=1&isSubCate=false&referrercate=3903592,,False,,1
222982834,Retro 1992/94 Ireland away Yupoo Soccer Jerseys S-XXL,https://yang-jersey.x.yupoo.com/albums/222982834?uid=1&isSubCate=false&referrercate=3903592,,False,,1
222982076,Retro 2005/06 JVT away Yupoo Soccer Jerseys S-XXL,https://yang-jersey.x.yupoo.com/albums/222982076?uid=1&isSubCate=false&referrercate=3903592,,True,,1
222981676,Retro 2015/16 JVT away long sleeved Yupoo Soccer Jerseys S-XXL,https://yang-jersey.x.yupoo.com/albums/222981676?uid=1&isSubCate=false&referrercate=3903592,,True,,1
222981392,Retro 2015/16 JVT away Yupoo Soccer Jerseys S-XXL,https://yang-jersey.x.yupoo.com/albums/222981392?uid=1&isSubCate=false&referrercate=3903592,,True,,1
222979648,Retro 2015/16 JVT Second away Yupoo Soccer Jerseys S-XXL,https://yang-jersey.x.yupoo.com/albums/222979648?uid=1&isSubCate=false&referrercate=3903592,,True,,1
222973235,Retro 1998/99 Deportivo La Coruna away  Yupoo Soccer Jerseys S-XXL,https://yang-jersey.x.yupoo.com/albums/222973235?uid=1&isSubCate=false&referrercate=3903592,,False,,1
222972908,Retro 1999/00 Celta Home  Yupoo Soccer Jerseys S-XXL,https://yang-jersey.x.yupoo.com/albums/222972908?uid=1&isSubCate=false&referrercate=3903592,,False,,1
222972509,Retro 1994/95 Deportivo La Coruna home  Yupoo Soccer Jerseys S-XXL,https://yang-jersey.x.yupoo.com/albums/222972509?uid=1&isSubCate=false&referrercate=3903592,,False,,1
222971906,Retro 1980/81 Hamburger Home  Yupoo Soccer Jerseys S-XXL,https://yang-jersey.x.yupoo.com/albums/222971906?uid=1&isSubCate=false&referrercate=3903592,,False,,1
222971473,Retro 1983/86 Arsenal away  Yupoo Soccer Jerseys S-XXL,https://yang-jersey.x.yupoo.com/albums/222971473?uid=1&isSubCate=false&referrercate=3903592,,False,,1
222967833,Retro 2015/16 Manchester City Home  Yupoo Soccer Jerseys S-XXL,https://yang-jersey.x.yupoo.com/albums/222967833?uid=1&isSubCate=false&referrercate=3903592,,False,,1
222967508,Retro 2014/15 Monaco Home  Yupoo Soccer Jerseys S-XXL,https://yang-jersey.x.yupoo.com/albums/222967508?uid=1&isSubCate=false&referrercate=3903592,,False,,1
222967383,Retro 1989/92 Barcelona away  Yupoo Soccer Jerseys S-XXL,https://yang-jersey.x.yupoo.com/albums/222967383?uid=1&isSubCate=false&referrercate=3903592,,False,,1
222966710,Retro 2004 Netherlands away  Yupoo Soccer Jerseys S-XXL,https://yang-jersey.x.yupoo.com/albums/222966710?uid=1&isSubCate=false&referrercate=3903592,,False,,1
222966526,Retro 2004 Netherlands  Home Yupoo Soccer Jerseys S-XXL,https://yang-jersey.x.yupoo.com/albums/222966526?uid=1&isSubCate=false&referrercate=3903592,,False,,1
222917519,Retro 2010 Croatia away Yupoo Soccer Jerseys S-XXL,https://yang-jersey.x.yupoo.com/albums/222917519?uid=1&isSubCate=false&referrercate=3903592,,False,,1
222917035,Retro 2008/09 LVP home Yupoo Soccer Jerseys S-XXL,https://yang-jersey.x.yupoo.com/albums/222917035?uid=1&isSubCate=false&referrercate=3903592,,True,,1
222916508,Retro 2018 Germany home Yupoo Soccer Jerseys S-XXL,https://yang-jersey.x.yupoo.com/albums/222916508?uid=1&isSubCate=false&referrercate=3903592,,False,,1
222915349,Retro 2014/15 Manchester United home Yupoo Soccer Jerseys S-XXL,https://yang-jersey.x.yupoo.com/albums/222915349?uid=1&isSubCate=false&referrercate=3903592,,False,,1
216579132,Retro 2001/02 Celta  away S-XXL,https://yang-jersey.x.yupoo.com/albums/216579132?uid=1&isSubCate=false&referrercate=3903592,,False,,1
216579033,Retro 1997/99 Celta home S-XXL,https://yang-jersey.x.yupoo.com/albums/216579033?uid=1&isSubCate=false&referrercate=3903592,,False,,1
216578261,Retro 1992/93 Cruzeiro away S-XXL,https://yang-jersey.x.yupoo.com/albums/216578261?uid=1&isSubCate=false&referrercate=3903592,,False,,1
216577976,Retro 2000/01 Deportivo La Coruna away S-XXL,https://yang-jersey.x.yupoo.com/albums/216577976?uid=1&isSubCate=false&referrercate=3903592,,False,,1
216577279,Retro 2001/02 Celta home S-XXL,https://yang-jersey.x.yupoo.com/albums/216577279?uid=1&isSubCate=false&referrercate=3903592,,False,,1
216576948,2001/02 Celta Second away retro football jersey S-XXL,https://yang-jersey.x.yupoo.com/albums/216576948?uid=1&isSubCate=false&referrercate=3903592,,False,,1
216577668,Retro 2001/02 Mallorca home S-XXL,https://yang-jersey.x.yupoo.com/albums/216577668?uid=1&isSubCate=false&referrercate=3903592,,False,,1
216578819,Retro 1990/91 Real Oviedo away S-XXL,https://yang-jersey.x.yupoo.com/albums/216578819?uid=1&isSubCate=false&referrercate=3903592,,False,,1
216578897,Retro 1996/97 Real Oviedo home S-XXL,https://yang-jersey.x.yupoo.com/albums/216578897?uid=1&isSubCate=false&referrercate=3903592,,False,,1
222065573,Retro 2008/09 AC Milan home long sleeved S-XXL,https://yang-jersey.x.yupoo.com/albums/222065573?uid=1&isSubCate=false&referrercate=3903592,,False,,1
222064292,Retro 2012/13 JVT away S-XXL,https://yang-jersey.x.yupoo.com/albums/222064292?uid=1&isSubCate=false&referrercate=3903592,,True,,1
222063997,Retro 2012/13 AC Milan home S-XXL,https://yang-jersey.x.yupoo.com/albums/222063997?uid=1&isSubCate=false&referrercate=3903592,,False,,1
222063451,Retro 2010/11 LVP home long sleeved S-XXL,https://yang-jersey.x.yupoo.com/albums/222063451?uid=1&isSubCate=false&referrercate=3903592,,True,,1
222062963,Retro 1998 LVP away long sleeved S-XXL,https://yang-jersey.x.yupoo.com/albums/222062963?uid=1&isSubCate=false&referrercate=3903592,,True,,1
222061872,Retro 2008/10 Arsenal home S-XXL,https://yang-jersey.x.yupoo.com/albums/222061872?uid=1&isSubCate=false&referrercate=3903592,,False,,1
222061689,Retro 2011/12 Spain away S-XXL,https://yang-jersey.x.yupoo.com/albums/222061689?uid=1&isSubCate=false&referrercate=3903592,,False,,1
222058248,Retro 2018 Brazil home S-XXL,https://yang-jersey.x.yupoo.com/albums/222058248?uid=1&isSubCate=false&referrercate=3903592,,False,,1
222056644,Retro 2000/01 Barcelona home S-XXL,https://yang-jersey.x.yupoo.com/albums/222056644?uid=1&isSubCate=false&referrercate=3903592,,False,,1
222056500,Retro 1998 LVP away S-XXL,https://yang-jersey.x.yupoo.com/albums/222056500?uid=1&isSubCate=false&referrercate=3903592,,True,,1
222056165,Retro 1998/99 Chelsea away S-XXL,https://yang-jersey.x.yupoo.com/albums/222056165?uid=1&isSubCate=false&referrercate=3903592,,False,,1
222055733,Retro 2006/07 Arsenal home long sleeved S-XXL,https://yang-jersey.x.yupoo.com/albums/222055733?uid=1&isSubCate=false&referrercate=3903592,,False,,1
222029043,Retro 2003/05 Colombia home S-XXL,https://yang-jersey.x.yupoo.com/albums/222029043?uid=1&isSubCate=false&referrercate=3903592,,False,,1
222028872,Retro 1994 Colombia home S-XXL,https://yang-jersey.x.yupoo.com/albums/222028872?uid=1&isSubCate=false&referrercate=3903592,,False,,2
222028532,Retro 2007/08 Bayern home S-XXL,https://yang-jersey.x.yupoo.com/albums/222028532?uid=1&isSubCate=false&referrercate=3903592,,False,,2
222028205,Retro 2018/19 Barcelona home S-XXL,https://yang-jersey.x.yupoo.com/albums/222028205?uid=1&isSubCate=false&referrercate=3903592,,False,,2
222024806,Retro 2010 Spain  Goalkeeper Green S-XXL,https://yang-jersey.x.yupoo.com/albums/222024806?uid=1&isSubCate=false&referrercate=3903592,,False,,2
221940584,Retro 2008/09 Barcelona home long sleeved S-XXL,https://yang-jersey.x.yupoo.com/albums/221940584?uid=1&isSubCate=false&referrercate=3903592,,False,,2
221911527,Retro 1998/99 Chelsea  Second away S-XXL,https://yang-jersey.x.yupoo.com/albums/221911527?uid=1&isSubCate=false&referrercate=3903592,,False,,2
221910007,Retro 2008/09 Olympique Lyonnais home S-XXL,https://yang-jersey.x.yupoo.com/albums/221910007?uid=1&isSubCate=false&referrercate=3903592,,False,,2
221829818,Retro 2020/21 Barcelona away S-XXL,https://yang-jersey.x.yupoo.com/albums/221829818?uid=1&isSubCate=false&referrercate=3903592,,False,,2
221825537,Retro 2016/17 Chelsea home S-XXL,https://yang-jersey.x.yupoo.com/albums/221825537?uid=1&isSubCate=false&referrercate=3903592,,False,,2
221807803,Retro 2020/21 Real Madrid Home Player Edition S-XXL,https://yang-jersey.x.yupoo.com/albums/221807803?uid=1&isSubCate=false&referrercate=3903592,,False,,2
135332984,Celtic Home Long Sleeve 138th Anniversary Edition Vintage Football jersey S-XXL,https://yang-jersey.x.yupoo.com/albums/135332984?uid=1&isSubCate=false&referrercate=3903592,,False,,2
221805761,Retro 2013/14 Porto home S-XXL,https://yang-jersey.x.yupoo.com/albums/221805761?uid=1&isSubCate=false&referrercate=3903592,,False,,2
221798985,Retro 1992 Germany home S-XXL,https://yang-jersey.x.yupoo.com/albums/221798985?uid=1&isSubCate=false&referrercate=3903592,,False,,2
123098615,Retro 2014 Germany home S-XXL,https://yang-jersey.x.yupoo.com/albums/123098615?uid=1&isSubCate=false&referrercate=3903592,,False,,2
221798301,Retro 1988/90 Germany away S-XXL,https://yang-jersey.x.yupoo.com/albums/221798301?uid=1&isSubCate=false&referrercate=3903592,,False,,2
221797909,Retro 2008 Germany home S-XXL,https://yang-jersey.x.yupoo.com/albums/221797909?uid=1&isSubCate=false&referrercate=3903592,,False,,2
221791445,Retro 1985/86 LVP Second away S-XXL,https://yang-jersey.x.yupoo.com/albums/221791445?uid=1&isSubCate=false&referrercate=3903592,,True,,2
221680478,Retro 1995/96 Leeds United home S-XXL,https://yang-jersey.x.yupoo.com/albums/221680478?uid=1&isSubCate=false&referrercate=3903592,,False,,2
221680060,Retro 1995/96 Botafogo away  S-XXL,https://yang-jersey.x.yupoo.com/albums/221680060?uid=1&isSubCate=false&referrercate=3903592,,False,,2
221679561,Retro 2002/03 Real Madrid Home S-XXL,https://yang-jersey.x.yupoo.com/albums/221679561?uid=1&isSubCate=false&referrercate=3903592,,False,,2
221579204,Retro1990 Colombia Away S-XXL,https://yang-jersey.x.yupoo.com/albums/221579204?uid=1&isSubCate=false&referrercate=3903592,,False,,2
221576355,Retro 2004/05 PSG away S-XXL,https://yang-jersey.x.yupoo.com/albums/221576355?uid=1&isSubCate=false&referrercate=3903592,,False,,2
221575591,Retro 1995/96 Botafogo Second Away S-XXL,https://yang-jersey.x.yupoo.com/albums/221575591?uid=1&isSubCate=false&referrercate=3903592,,False,,2
221758626,Retro 1999/00 Atletico Madrid home S-XXL,https://yang-jersey.x.yupoo.com/albums/221758626?uid=1&isSubCate=false&referrercate=3903592,,False,,2
221753191,Retro 2019/20 Manchester United Second away  S-XXL,https://yang-jersey.x.yupoo.com/albums/221753191?uid=1&isSubCate=false&referrercate=3903592,,False,,2
221739308,Retro 2016 Portugal home long sleeved S-XXL,https://yang-jersey.x.yupoo.com/albums/221739308?uid=1&isSubCate=false&referrercate=3903592,,False,,2
221738986,Retro 1999/00 JVT away S-XXL,https://yang-jersey.x.yupoo.com/albums/221738986?uid=1&isSubCate=false&referrercate=3903592,,True,,2
221727507,Retro 1998 Japan home S-XXL,https://yang-jersey.x.yupoo.com/albums/221727507?uid=1&isSubCate=false&referrercate=3903592,,False,,2
221683812,Retro 2004/05 PSG home S-XXL,https://yang-jersey.x.yupoo.com/albums/221683812?uid=1&isSubCate=false&referrercate=3903592,,False,,2
221682255,Retro 1995 Mexico away  S-XXL,https://yang-jersey.x.yupoo.com/albums/221682255?uid=1&isSubCate=false&referrercate=3903592,,False,,2
221682051,Retro 1995 Mexico Home S-XXL,https://yang-jersey.x.yupoo.com/albums/221682051?uid=1&isSubCate=false&referrercate=3903592,,False,,2
221312816,Retro 2012/13 Brazil Home S-XXL,https://yang-jersey.x.yupoo.com/albums/221312816?uid=1&isSubCate=false&referrercate=3903592,,False,,2
221311289,Retro Tigres UANL Home 65th Anniversary Edition S-XXL,https://yang-jersey.x.yupoo.com/albums/221311289?uid=1&isSubCate=false&referrercate=3903592,,False,,2
221255354,Retro 2000 Brazil Home S-XXL,https://yang-jersey.x.yupoo.com/albums/221255354?uid=1&isSubCate=false&referrercate=3903592,,False,,2
221230748,Retro 2007/08 Manchester City home jersey S-XXL,https://yang-jersey.x.yupoo.com/albums/221230748?uid=1&isSubCate=false&referrercate=3903592,,False,,2
221480777,Retro 2005/06 Arsenal home long-sleeved shirt S-XXL,https://yang-jersey.x.yupoo.com/albums/221480777?uid=1&isSubCate=false&referrercate=3903592,,False,,2
221480005,Retro 1994/96 Arsenal Home S-XXL,https://yang-jersey.x.yupoo.com/albums/221480005?uid=1&isSubCate=false&referrercate=3903592,,False,,2
221375699,Retro 2011/12 Manchester United away S-XXL,https://yang-jersey.x.yupoo.com/albums/221375699?uid=1&isSubCate=false&referrercate=3903592,,False,,2
221313215,Retro Celtic Home 138th Anniversary Edition S-XXL,https://yang-jersey.x.yupoo.com/albums/221313215?uid=1&isSubCate=false&referrercate=3903592,,False,,2
221311802,Retro 1996/97 Boca Juniors away S-XXL,https://yang-jersey.x.yupoo.com/albums/221311802?uid=1&isSubCate=false&referrercate=3903592,,False,,2
221307513,Retro 2011/12 JVT away S-XXL,https://yang-jersey.x.yupoo.com/albums/221307513?uid=1&isSubCate=false&referrercate=3903592,,True,,2
221111725,Retro 1996/97 Argentina home long-sleeved shirt S-XXL,https://yang-jersey.x.yupoo.com/albums/221111725?uid=1&isSubCate=false&referrercate=3903592,,False,,2
221110500,Retro 2005/06 Real Madrid away long-sleeved shirt S-XXL,https://yang-jersey.x.yupoo.com/albums/221110500?uid=1&isSubCate=false&referrercate=3903592,,False,,2
221105445,Retro 1990 England away S-XXL,https://yang-jersey.x.yupoo.com/albums/221105445?uid=1&isSubCate=false&referrercate=3903592,,False,,2
221102991,Retro 1990 England Black S-XXL,https://yang-jersey.x.yupoo.com/albums/221102991?uid=1&isSubCate=false&referrercate=3903592,,False,,2
221102423,Retro 2002 England home long-sleeved shirt S-XXL,https://yang-jersey.x.yupoo.com/albums/221102423?uid=1&isSubCate=false&referrercate=3903592,,False,,2
221102143,Retro 2002 England home jersey S-XXL,https://yang-jersey.x.yupoo.com/albums/221102143?uid=1&isSubCate=false&referrercate=3903592,,False,,2
221101094,Retro 1996 England away long-sleeved shirt S-XXL,https://yang-jersey.x.yupoo.com/albums/221101094?uid=1&isSubCate=false&referrercate=3903592,,False,,2
221100510,Retro 1990 England second away  S-XXL,https://yang-jersey.x.yupoo.com/albums/221100510?uid=1&isSubCate=false&referrercate=3903592,,False,,2
221099835,Retro 1999/01 England home S-XXL,https://yang-jersey.x.yupoo.com/albums/221099835?uid=1&isSubCate=false&referrercate=3903592,,False,,2
221098577,Retro 1990 England Tricolor S-XXL,https://yang-jersey.x.yupoo.com/albums/221098577?uid=1&isSubCate=false&referrercate=3903592,,False,,2
221094014,Retro 1998 England second away  S-XXL,https://yang-jersey.x.yupoo.com/albums/221094014?uid=1&isSubCate=false&referrercate=3903592,,False,,2
221097953,Retro 1994/95 England home jersey S-XXL,https://yang-jersey.x.yupoo.com/albums/221097953?uid=1&isSubCate=false&referrercate=3903592,,False,,2
221071381,Retro 2018 World Cup Champions France Home Long-Sleeve Shirt S-XXL,https://yang-jersey.x.yupoo.com/albums/221071381?uid=1&isSubCate=false&referrercate=3903592,,False,,2
221071286,Retro 2018 World Cup Champions France Home S-XXL,https://yang-jersey.x.yupoo.com/albums/221071286?uid=1&isSubCate=false&referrercate=3903592,,False,,2
221071156,Retro 2018 World Cup Champions France Away S-XXL,https://yang-jersey.x.yupoo.com/albums/221071156?uid=1&isSubCate=false&referrercate=3903592,,False,,2
221069127,Retro 2019/20 Real Madrid Home S-XXL,https://yang-jersey.x.yupoo.com/albums/221069127?uid=1&isSubCate=false&referrercate=3903592,,False,,2
221068925,Retro 1999/01 Real Madrid away long-sleeved shirt S-XXL,https://yang-jersey.x.yupoo.com/albums/221068925?uid=1&isSubCate=false&referrercate=3903592,,False,,2
221068757,Retro 1998/00 Real Madrid home long-sleeved shirt S-XXL,https://yang-jersey.x.yupoo.com/albums/221068757?uid=1&isSubCate=false&referrercate=3903592,,False,,2
221065597,Retro 1998/00 Real Madrid home jersey S-XXL,https://yang-jersey.x.yupoo.com/albums/221065597?uid=1&isSubCate=false&referrercate=3903592,,False,,2
221063463,Retro 2011/12 Arsenal Home S-XXL,https://yang-jersey.x.yupoo.com/albums/221063463?uid=1&isSubCate=false&referrercate=3903592,,False,,2
221063001,Retro 1995/96 Inter Milan Home S-XXL,https://yang-jersey.x.yupoo.com/albums/221063001?uid=1&isSubCate=false&referrercate=3903592,,False,,2
221062600,Retro 2011/12 Manchester United home jersey S-XXL,https://yang-jersey.x.yupoo.com/albums/221062600?uid=1&isSubCate=false&referrercate=3903592,,False,,2
221054900,Retro 2015/16 Real Madrid home long-sleeved shirt S-XXL,https://yang-jersey.x.yupoo.com/albums/221054900?uid=1&isSubCate=false&referrercate=3903592,,False,,2
221005199,Retro 1986 Tottenham Hotspur home S-XXL,https://yang-jersey.x.yupoo.com/albums/221005199?uid=1&isSubCate=false&referrercate=3903592,,False,,2
221004573,Retro 1992/93 Marseille home S-XXL,https://yang-jersey.x.yupoo.com/albums/221004573?uid=1&isSubCate=false&referrercate=3903592,,False,,2
221004336,Retro 2011/12 JVT home S-XXL,https://yang-jersey.x.yupoo.com/albums/221004336?uid=1&isSubCate=false&referrercate=3903592,,True,,2
221003831,Retro 2003/04 JVT home S-XXL,https://yang-jersey.x.yupoo.com/albums/221003831?uid=1&isSubCate=false&referrercate=3903592,,True,,2
220953410,Retro 2018 Argentina home jersey S-XXL,https://yang-jersey.x.yupoo.com/albums/220953410?uid=1&isSubCate=false&referrercate=3903592,,False,,2
220948330,Retro 1998 Brazil  Goalkeeper S-XXL,https://yang-jersey.x.yupoo.com/albums/220948330?uid=1&isSubCate=false&referrercate=3903592,,False,,2
220945859,Retro 1996/97 Lazio Home S-XXL,https://yang-jersey.x.yupoo.com/albums/220945859?uid=1&isSubCate=false&referrercate=3903592,,False,,2
220943318,Retro 1995/96 PSG away S-XXL,https://yang-jersey.x.yupoo.com/albums/220943318?uid=1&isSubCate=false&referrercate=3903592,,False,,2
220940103,Retro 2019/20 Barcelona Home S-XXL,https://yang-jersey.x.yupoo.com/albums/220940103?uid=1&isSubCate=false&referrercate=3903592,,False,,2
220653446,Retro 120th Anniversary Edition AC Milan Home Shirt  XXL,https://yang-jersey.x.yupoo.com/albums/220653446?uid=1&isSubCate=false&referrercate=3903592,,False,,2
220547743,Retro 2016/17 Barcelona away S-XXL,https://yang-jersey.x.yupoo.com/albums/220547743?uid=1&isSubCate=false&referrercate=3903592,,False,,2
220537589,Retro 1988/89 AC Milan home long-sleeved shirt S-XXL,https://yang-jersey.x.yupoo.com/albums/220537589?uid=1&isSubCate=false&referrercate=3903592,,False,,2
220482090,Retro 1998/99 Cameroon away S-XXL,https://yang-jersey.x.yupoo.com/albums/220482090?uid=1&isSubCate=false&referrercate=3903592,,False,,2
220478992,Retro 1993/94 Brazil away  S-XXL,https://yang-jersey.x.yupoo.com/albums/220478992?uid=1&isSubCate=false&referrercate=3903592,,False,,2
220321972,Retro 2010/11 Arsenal Home S-XXL,https://yang-jersey.x.yupoo.com/albums/220321972?uid=1&isSubCate=false&referrercate=3903592,,False,,2
220321784,Retro 2019/20 Barcelona away S-XXL,https://yang-jersey.x.yupoo.com/albums/220321784?uid=1&isSubCate=false&referrercate=3903592,,False,,2
220481888,Retro 1997/98 JVT away S-XXL,https://yang-jersey.x.yupoo.com/albums/220481888?uid=1&isSubCate=false&referrercate=3903592,,True,,2
220135576,Retro1997/99 Chelsea home long-sleeved shirt S-XXL,https://yang-jersey.x.yupoo.com/albums/220135576?uid=1&isSubCate=false&referrercate=3903592,,False,,2
220113602,Retro2014 Brazil away S-XXL,https://yang-jersey.x.yupoo.com/albums/220113602?uid=1&isSubCate=false&referrercate=3903592,,False,,2
220112996,Retro1998/99 Cameroon home S-XXL,https://yang-jersey.x.yupoo.com/albums/220112996?uid=1&isSubCate=false&referrercate=3903592,,False,,2
220112669,Retro 2000/01 Newcastle United home S-XXL,https://yang-jersey.x.yupoo.com/albums/220112669?uid=1&isSubCate=false&referrercate=3903592,,False,,2
220112473,Retro 1995/97 Newcastle United away S-XXL,https://yang-jersey.x.yupoo.com/albums/220112473?uid=1&isSubCate=false&referrercate=3903592,,False,,2
220110248,Retro 1995/96 Monterrey home jersey S-XXL,https://yang-jersey.x.yupoo.com/albums/220110248?uid=1&isSubCate=false&referrercate=3903592,,False,,2
220109652,Retro 1994 Kawasaki Frontale home jersey S-XXL,https://yang-jersey.x.yupoo.com/albums/220109652?uid=1&isSubCate=false&referrercate=3903592,,False,,2
220072072,Retro 1998/99 Córdoba home S-XXL,https://yang-jersey.x.yupoo.com/albums/220072072?uid=1&isSubCate=false&referrercate=3903592,,False,,2
220067243,Retro1993/94 Monterrey home S-XXL,https://yang-jersey.x.yupoo.com/albums/220067243?uid=1&isSubCate=false&referrercate=3903592,,False,,2
219977013,Retro 2013/14 Atlético Madrid away  shirt - XXL,https://yang-jersey.x.yupoo.com/albums/219977013?uid=1&isSubCate=false&referrercate=3903592,,False,,2
219976897,Retro 2013/14 Barcelona Home Shirt - XXL,https://yang-jersey.x.yupoo.com/albums/219976897?uid=1&isSubCate=false&referrercate=3903592,,False,,2
219975734,Retro 2007/08 Barcelona home   S-XXL,https://yang-jersey.x.yupoo.com/albums/219975734?uid=1&isSubCate=false&referrercate=3903592,,False,,2
219869417,Retro 2004/05 Real Madrid away   S-XXL,https://yang-jersey.x.yupoo.com/albums/219869417?uid=1&isSubCate=false&referrercate=3903592,,False,,2
219868594,Retro 2014 Arsenal Commemorative Edition S-XXL,https://yang-jersey.x.yupoo.com/albums/219868594?uid=1&isSubCate=false&referrercate=3903592,,False,,2
219868258,Retro 1999/00 Valencia home jersey S-XXL,https://yang-jersey.x.yupoo.com/albums/219868258?uid=1&isSubCate=false&referrercate=3903592,,False,,2
220068055,Retro 2002/03 JVT away  S-XXL,https://yang-jersey.x.yupoo.com/albums/220068055?uid=1&isSubCate=false&referrercate=3903592,,True,,2
219975997,Retro 2010/11 LVP Home S-XXL,https://yang-jersey.x.yupoo.com/albums/219975997?uid=1&isSubCate=false&referrercate=3903592,,True,,2
219868059,Retro 1995/97 JVT home  S-XXL,https://yang-jersey.x.yupoo.com/albums/219868059?uid=1&isSubCate=false&referrercate=3903592,,True,,2
219750815,Retro 1995 América away S-XXL,https://yang-jersey.x.yupoo.com/albums/219750815?uid=1&isSubCate=false&referrercate=3903592,,False,,2
219750047,Retro 1995 América Home S-XXL,https://yang-jersey.x.yupoo.com/albums/219750047?uid=1&isSubCate=false&referrercate=3903592,,False,,2
219640010,Retro 1999/00 Valencia Second Away S-XXL,https://yang-jersey.x.yupoo.com/albums/219640010?uid=1&isSubCate=false&referrercate=3903592,,False,,2
219639558,Retro 1999/00 Deportivo de La Coruña Second Away S-XXL,https://yang-jersey.x.yupoo.com/albums/219639558?uid=1&isSubCate=false&referrercate=3903592,,False,,2
219638571,Retro 2016/17 Real Madrid Home S-XXL,https://yang-jersey.x.yupoo.com/albums/219638571?uid=1&isSubCate=false&referrercate=3903592,,False,,2
219637529,Retro 2003/04 JVT Second Away  S-XXL,https://yang-jersey.x.yupoo.com/albums/219637529?uid=1&isSubCate=false&referrercate=3903592,,True,,2
219636690,Retro 1986/87 LVP home long-sleeved shirt S-XXL,https://yang-jersey.x.yupoo.com/albums/219636690?uid=1&isSubCate=false&referrercate=3903592,,True,,2
219568985,Retro 2019 Argentina Home Player Edition S-3XL,https://yang-jersey.x.yupoo.com/albums/219568985?uid=1&isSubCate=false&referrercate=3903592,,False,,2
219568380,Retro 2014/15 Barcelona Away Player Edition S-3XL,https://yang-jersey.x.yupoo.com/albums/219568380?uid=1&isSubCate=false&referrercate=3903592,,False,,2
219168206,Retro 1998/99 Arsenal Home S-XXL,https://yang-jersey.x.yupoo.com/albums/219168206?uid=1&isSubCate=false&referrercate=3903592,,False,,2
219123373,Retro 2002/03 AC Milan away S-XXL,https://yang-jersey.x.yupoo.com/albums/219123373?uid=1&isSubCate=false&referrercate=3903592,,False,,2
219121335,Retro 2001/02 Arsenal home S-XXL,https://yang-jersey.x.yupoo.com/albums/219121335?uid=1&isSubCate=false&referrercate=3903592,,False,,2
218992818,Retro 2003/05 Manchester United away S-XXL,https://yang-jersey.x.yupoo.com/albums/218992818?uid=1&isSubCate=false&referrercate=3903592,,False,,2
218986987,Retro 2008/09 Manchester United away UEFA Champions League long-sleeved shirt S-XXL,https://yang-jersey.x.yupoo.com/albums/218986987?uid=1&isSubCate=false&referrercate=3903592,,False,,2
218986356,Retro 1999/00 Deportivo de La Coruña home  S-XXL,https://yang-jersey.x.yupoo.com/albums/218986356?uid=1&isSubCate=false&referrercate=3903592,,False,,2
218985986,Retro 2009/10 Inter Milan home long-sleeved shirt S-XXL,https://yang-jersey.x.yupoo.com/albums/218985986?uid=1&isSubCate=false&referrercate=3903592,,False,,2
218985352,Retro 2017/18 Barcelona home long-sleeved shirt S-XXL,https://yang-jersey.x.yupoo.com/albums/218985352?uid=1&isSubCate=false&referrercate=3903592,,False,,2
218984675,Retro 1995/97 Barcelona home long-sleeved shirt S-XXL,https://yang-jersey.x.yupoo.com/albums/218984675?uid=1&isSubCate=false&referrercate=3903592,,False,,2
218983911,Retro 2013/14 Real Madrid home long-sleeved shirt S-XXL,https://yang-jersey.x.yupoo.com/albums/218983911?uid=1&isSubCate=false&referrercate=3903592,,False,,2
218983195,Retro 2012/13 Barcelona home long-sleeved shirt S-XXL,https://yang-jersey.x.yupoo.com/albums/218983195?uid=1&isSubCate=false&referrercate=3903592,,False,,2
218961396,Retro 1998/99 Barcelona away S-XXL,https://yang-jersey.x.yupoo.com/albums/218961396?uid=1&isSubCate=false&referrercate=3903592,,False,,2
218960122,Retro 1997/99 Tottenham Hotspur home jersey S-XXL,https://yang-jersey.x.yupoo.com/albums/218960122?uid=1&isSubCate=false&referrercate=3903592,,False,,3
218959517,Retro 1993/94 Napoli home S-XXL,https://yang-jersey.x.yupoo.com/albums/218959517?uid=1&isSubCate=false&referrercate=3903592,,False,,3
218958839,Retro 2022 Argentina home jersey S-XXL,https://yang-jersey.x.yupoo.com/albums/218958839?uid=1&isSubCate=false&referrercate=3903592,,False,,3
218958605,Retro 2022 Argentina away S-XXL,https://yang-jersey.x.yupoo.com/albums/218958605?uid=1&isSubCate=false&referrercate=3903592,,False,,3
218958461,Retro 2017/18 Real Madrid away S-XXL,https://yang-jersey.x.yupoo.com/albums/218958461?uid=1&isSubCate=false&referrercate=3903592,,False,,3
189759470,Retro Barcelona 125th Anniversary Edition S-XXL,https://yang-jersey.x.yupoo.com/albums/189759470?uid=1&isSubCate=false&referrercate=3903592,,False,,3
113865353,Retro 1997/98 Barcelona home S-XXL,https://yang-jersey.x.yupoo.com/albums/113865353?uid=1&isSubCate=false&referrercate=3903592,,False,,3
219165738,Retro 2018/19 LVP Home S-XXL,https://yang-jersey.x.yupoo.com/albums/219165738?uid=1&isSubCate=false&referrercate=3903592,,True,,3
218990320,Retro 1980/81 LVP home S-XXL,https://yang-jersey.x.yupoo.com/albums/218990320?uid=1&isSubCate=false&referrercate=3903592,,True,,3
113862483,Retro 2020/21 Barcelona home S-XXL,https://yang-jersey.x.yupoo.com/albums/113862483?uid=1&isSubCate=false&referrercate=3903592,,False,,3
218989161,Retro 1978/79 LVP home S-XXL,https://yang-jersey.x.yupoo.com/albums/218989161?uid=1&isSubCate=false&referrercate=3903592,,True,,3
218987232,Retro 1976/77 LVP home S-XXL,https://yang-jersey.x.yupoo.com/albums/218987232?uid=1&isSubCate=false&referrercate=3903592,,True,,3
218985629,Retro 1993/95 LVP home long-sleeved shirt S-XXL,https://yang-jersey.x.yupoo.com/albums/218985629?uid=1&isSubCate=false&referrercate=3903592,,True,,3
218982168,Retro 1999/00 JVT home S-XXL,https://yang-jersey.x.yupoo.com/albums/218982168?uid=1&isSubCate=false&referrercate=3903592,,True,,3
218894631,Retro 2017/18 Barcelona home S-XXL,https://yang-jersey.x.yupoo.com/albums/218894631?uid=1&isSubCate=false&referrercate=3903592,,False,,3
218892925,Retro 2010/11 Real Madrid away S-XXL,https://yang-jersey.x.yupoo.com/albums/218892925?uid=1&isSubCate=false&referrercate=3903592,,False,,3
218890942,Retro 2004/05 Barcelona home S-XXL,https://yang-jersey.x.yupoo.com/albums/218890942?uid=1&isSubCate=false&referrercate=3903592,,False,,3
218813716,Retro 2006 England Home Long Sleeve S-XXL,https://yang-jersey.x.yupoo.com/albums/218813716?uid=1&isSubCate=false&referrercate=3903592,,False,,3
218812948,Retro 2006 Brazil home S-XXL,https://yang-jersey.x.yupoo.com/albums/218812948?uid=1&isSubCate=false&referrercate=3903592,,False,,3
218783290,Retro 1992/94 Roma  Home S-XXL,https://yang-jersey.x.yupoo.com/albums/218783290?uid=1&isSubCate=false&referrercate=3903592,,False,,3
218782974,Retro 2000/01 Real Madrid home S-XXL,https://yang-jersey.x.yupoo.com/albums/218782974?uid=1&isSubCate=false&referrercate=3903592,,False,,3
218780748,Retro 2019/20 PSG away S-XXL,https://yang-jersey.x.yupoo.com/albums/218780748?uid=1&isSubCate=false&referrercate=3903592,,False,,3
218779203,Retro 1998/00 Real Madrid  Second away S-XXL,https://yang-jersey.x.yupoo.com/albums/218779203?uid=1&isSubCate=false&referrercate=3903592,,False,,3
218776805,Retro 1995/97 Betis home long sleeved S-XXL,https://yang-jersey.x.yupoo.com/albums/218776805?uid=1&isSubCate=false&referrercate=3903592,,False,,3
218780230,Retro 2001/02 LVP away S-XXL,https://yang-jersey.x.yupoo.com/albums/218780230?uid=1&isSubCate=false&referrercate=3903592,,True,,3
218777838,Retro 1999/00 JVT home long sleeved S-XXL,https://yang-jersey.x.yupoo.com/albums/218777838?uid=1&isSubCate=false&referrercate=3903592,,True,,3
218509072,Retro 2018/19 PSG away S-XXL,https://yang-jersey.x.yupoo.com/albums/218509072?uid=1&isSubCate=false&referrercate=3903592,,False,,3
218508986,Retro 2018/19 PSG home S-XXL,https://yang-jersey.x.yupoo.com/albums/218508986?uid=1&isSubCate=false&referrercate=3903592,,False,,3
218508858,Retro 2017/18 PSG home S-XXL,https://yang-jersey.x.yupoo.com/albums/218508858?uid=1&isSubCate=false&referrercate=3903592,,False,,3
218492161,Retro 2008/09 AC Milan home S-XXL,https://yang-jersey.x.yupoo.com/albums/218492161?uid=1&isSubCate=false&referrercate=3903592,,False,,3
218430707,Retro 2011/12 Chelsea  Second away S-XXL,https://yang-jersey.x.yupoo.com/albums/218430707?uid=1&isSubCate=false&referrercate=3903592,,False,,3
218430433,Retro 2019/20 Manchester United New Year Chinese Loong Special Edition S-XXL,https://yang-jersey.x.yupoo.com/albums/218430433?uid=1&isSubCate=false&referrercate=3903592,,False,,3
218430147,Retro 2004/06 Manchester United home S-XXL,https://yang-jersey.x.yupoo.com/albums/218430147?uid=1&isSubCate=false&referrercate=3903592,,False,,3
218430032,Retro 2000/01 Manchester United away S-XXL,https://yang-jersey.x.yupoo.com/albums/218430032?uid=1&isSubCate=false&referrercate=3903592,,False,,3
218429881,Retro 1997/98 Real Madrid  Second away S-XXL,https://yang-jersey.x.yupoo.com/albums/218429881?uid=1&isSubCate=false&referrercate=3903592,,False,,3
218429795,Retro 2006/07 Real Madrid away S-XXL,https://yang-jersey.x.yupoo.com/albums/218429795?uid=1&isSubCate=false&referrercate=3903592,,False,,3
218429489,Retro 2008/09 Manchester United away long sleeved S-XXL,https://yang-jersey.x.yupoo.com/albums/218429489?uid=1&isSubCate=false&referrercate=3903592,,False,,3
218488999,Retro 1994/95 JVT home S-XXL,https://yang-jersey.x.yupoo.com/albums/218488999?uid=1&isSubCate=false&referrercate=3903592,,True,,3
218372804,Retro 2018 Argentina Home Player Edition S-3XL,https://yang-jersey.x.yupoo.com/albums/218372804?uid=1&isSubCate=false&referrercate=3903592,,False,,3
218372536,Retro 2022/23 JVT Home Player Edition S-3XL,https://yang-jersey.x.yupoo.com/albums/218372536?uid=1&isSubCate=false&referrercate=3903592,,True,,3
218372332,Retro 2023/24 JVT Second away Player Edition S-3XL,https://yang-jersey.x.yupoo.com/albums/218372332?uid=1&isSubCate=false&referrercate=3903592,,True,,3
218035604,Retro 1996 England Goalkeeper Long Sleeve S-XXL,https://yang-jersey.x.yupoo.com/albums/218035604?uid=1&isSubCate=false&referrercate=3903592,,False,,3
218035521,Retro 1994/95 England goalkeeper long sleeved S-XXL,https://yang-jersey.x.yupoo.com/albums/218035521?uid=1&isSubCate=false&referrercate=3903592,,False,,3
218035246,Retro 1993 Sheffield Wednesday Goalkeeper Long Sleeve S-XXL,https://yang-jersey.x.yupoo.com/albums/218035246?uid=1&isSubCate=false&referrercate=3903592,,False,,3
217326384,Retro 2006 Portugal Home Player Edition S-3XL,https://yang-jersey.x.yupoo.com/albums/217326384?uid=1&isSubCate=false&referrercate=3903592,,False,,3
217248713,Retro 1999/00 Valencia away S-XXL,https://yang-jersey.x.yupoo.com/albums/217248713?uid=1&isSubCate=false&referrercate=3903592,,False,,3
217248594,Retro 2004/05 AC Milan away S-XXL,https://yang-jersey.x.yupoo.com/albums/217248594?uid=1&isSubCate=false&referrercate=3903592,,False,,3
217247879,Retro 1978 Argentina home S-XXL,https://yang-jersey.x.yupoo.com/albums/217247879?uid=1&isSubCate=false&referrercate=3903592,,False,,3
217247595,Retro 1997/98 AC Milan Red Special Edition S-XXL,https://yang-jersey.x.yupoo.com/albums/217247595?uid=1&isSubCate=false&referrercate=3903592,,False,,3
217247413,Retro 1997/98 Inter Milan away S-XXL,https://yang-jersey.x.yupoo.com/albums/217247413?uid=1&isSubCate=false&referrercate=3903592,,False,,3
217247083,Retro 2018/19 Manchester United away S-XXL,https://yang-jersey.x.yupoo.com/albums/217247083?uid=1&isSubCate=false&referrercate=3903592,,False,,3
217246876,Retro 1997/98 Malaga home S-XXL,https://yang-jersey.x.yupoo.com/albums/217246876?uid=1&isSubCate=false&referrercate=3903592,,False,,3
217246758,Retro 2016/17 Arsenal home S-XXL,https://yang-jersey.x.yupoo.com/albums/217246758?uid=1&isSubCate=false&referrercate=3903592,,False,,3
217135602,Retro 2012 Spain away S-XXL,https://yang-jersey.x.yupoo.com/albums/217135602?uid=1&isSubCate=false&referrercate=3903592,,False,,3
217135516,Retro 2015/16 Barcelona Second away S-XXL,https://yang-jersey.x.yupoo.com/albums/217135516?uid=1&isSubCate=false&referrercate=3903592,,False,,3
217135395,Retro 2006/07 Celtic away S-XXL,https://yang-jersey.x.yupoo.com/albums/217135395?uid=1&isSubCate=false&referrercate=3903592,,False,,3
216895768,Retro 2000 Spain away S-XXL,https://yang-jersey.x.yupoo.com/albums/216895768?uid=1&isSubCate=false&referrercate=3903592,,False,,3
216895323,2003/04 Arsenal away Retro Jersey S-XXL,https://yang-jersey.x.yupoo.com/albums/216895323?uid=1&isSubCate=false&referrercate=3903592,,False,,3
216895235,Retro 2014 Japan home S-XXL,https://yang-jersey.x.yupoo.com/albums/216895235?uid=1&isSubCate=false&referrercate=3903592,,False,,3
216895105,Retro 2000/01 PSG home S-XXL,https://yang-jersey.x.yupoo.com/albums/216895105?uid=1&isSubCate=false&referrercate=3903592,,False,,3
216891298,2000 Spain home Retro Jersey  S-XXL,https://yang-jersey.x.yupoo.com/albums/216891298?uid=1&isSubCate=false&referrercate=3903592,,False,,3
216890575,Retro 2007/08 Inter Milan home S-XXL,https://yang-jersey.x.yupoo.com/albums/216890575?uid=1&isSubCate=false&referrercate=3903592,,False,,3
216698653,Retro 1989/90 AC Milan away S-XXL,https://yang-jersey.x.yupoo.com/albums/216698653?uid=1&isSubCate=false&referrercate=3903592,,False,,3
216698486,Retro 1997/98 AC Milan away S-XXL,https://yang-jersey.x.yupoo.com/albums/216698486?uid=1&isSubCate=false&referrercate=3903592,,False,,3
216698319,Retro 1997/98 AC Milan away special edition S-XXL,https://yang-jersey.x.yupoo.com/albums/216698319?uid=1&isSubCate=false&referrercate=3903592,,False,,3
216890146,Retro 1986/87 LVP home S-XXL,https://yang-jersey.x.yupoo.com/albums/216890146?uid=1&isSubCate=false&referrercate=3903592,,True,,3
214692564,Retro 2023/24 Real Madrid away Player Edition S-3XL,https://yang-jersey.x.yupoo.com/albums/214692564?uid=1&isSubCate=false&referrercate=3903592,,False,,3
214691531,Retro 2023/24 Real Madrid Second away Player Edition S-3XL,https://yang-jersey.x.yupoo.com/albums/214691531?uid=1&isSubCate=false&referrercate=3903592,,False,,3
214690955,Retro 2023/24 JVT Home Player Edition S-3XL,https://yang-jersey.x.yupoo.com/albums/214690955?uid=1&isSubCate=false&referrercate=3903592,,True,,3
214690801,Retro 2023/24 Manchester United away Player Edition S-3XL,https://yang-jersey.x.yupoo.com/albums/214690801?uid=1&isSubCate=false&referrercate=3903592,,False,,3
214540138,Retro 2003/04 Real Madrid home S-XXL,https://yang-jersey.x.yupoo.com/albums/214540138?uid=1&isSubCate=false&referrercate=3903592,,False,,3
214539265,Retro 2010/11 Barcelona home long sleeved S-XXL,https://yang-jersey.x.yupoo.com/albums/214539265?uid=1&isSubCate=false&referrercate=3903592,,False,,3
214538846,Retro 2009/10 Barcelona home S-XXL,https://yang-jersey.x.yupoo.com/albums/214538846?uid=1&isSubCate=false&referrercate=3903592,,False,,3
214537334,Retro 2016/17 Japan away S-XXL,https://yang-jersey.x.yupoo.com/albums/214537334?uid=1&isSubCate=false&referrercate=3903592,,False,,3
214537253,Retro 2015/16 Barcelona home S-XXL,https://yang-jersey.x.yupoo.com/albums/214537253?uid=1&isSubCate=false&referrercate=3903592,,False,,3
214379595,Retro 1996/97 Arsenal away S-XXL,https://yang-jersey.x.yupoo.com/albums/214379595?uid=1&isSubCate=false&referrercate=3903592,,False,,3
214378333,Retro 2018 Japan home S-XXL,https://yang-jersey.x.yupoo.com/albums/214378333?uid=1&isSubCate=false&referrercate=3903592,,False,,3
214377776,Retro 2004/05 Arsenal home S-XXL,https://yang-jersey.x.yupoo.com/albums/214377776?uid=1&isSubCate=false&referrercate=3903592,,False,,3
214258352,Retro 1998/99 Lazio Second away S-XXL,https://yang-jersey.x.yupoo.com/albums/214258352?uid=1&isSubCate=false&referrercate=3903592,,False,,3
214019391,Retro 2022/23 Real Madrid Home Long Sleeve Player Edition S-3XL,https://yang-jersey.x.yupoo.com/albums/214019391?uid=1&isSubCate=false&referrercate=3903592,,False,,3
214019148,Retro 2023/24 Bayern Munich Home Player Edition S-3XL,https://yang-jersey.x.yupoo.com/albums/214019148?uid=1&isSubCate=false&referrercate=3903592,,False,,3
214018946,Retro 2023/24 Arsenal Home Player Edition S-3XL,https://yang-jersey.x.yupoo.com/albums/214018946?uid=1&isSubCate=false&referrercate=3903592,,False,,3
214018397,Retro 2023/24 Manchester United away player edition S-3XL,https://yang-jersey.x.yupoo.com/albums/214018397?uid=1&isSubCate=false&referrercate=3903592,,False,,3
214018231,Retro 2023/24 Manchester United Home Player Edition S-3XL,https://yang-jersey.x.yupoo.com/albums/214018231?uid=1&isSubCate=false&referrercate=3903592,,False,,3
214377379,Retro 2006/08 LVP away S-XXL,https://yang-jersey.x.yupoo.com/albums/214377379?uid=1&isSubCate=false&referrercate=3903592,,True,,3
214377149,Retro 1989/91 LVP away S-XXL,https://yang-jersey.x.yupoo.com/albums/214377149?uid=1&isSubCate=false&referrercate=3903592,,True,,3
213277545,Retro 2007/08 Manchester United goalkeeper long sleeved green S-XXL,https://yang-jersey.x.yupoo.com/albums/213277545?uid=1&isSubCate=false&referrercate=3903592,,False,,3
213277463,Retro 2007/08 Manchester United goalkeeper green S-XXL,https://yang-jersey.x.yupoo.com/albums/213277463?uid=1&isSubCate=false&referrercate=3903592,,False,,3
213277242,Retro 1997/98 AC Milan Second Away  S-XXL,https://yang-jersey.x.yupoo.com/albums/213277242?uid=1&isSubCate=false&referrercate=3903592,,False,,3
213276990,Retro 2006 Germany home long sleeved S-XXL,https://yang-jersey.x.yupoo.com/albums/213276990?uid=1&isSubCate=false&referrercate=3903592,,False,,3
213228560,Retro 2013 Brazil home S-XXL,https://yang-jersey.x.yupoo.com/albums/213228560?uid=1&isSubCate=false&referrercate=3903592,,False,,3
213227319,Retro 1995 Flamenco Home 100 Commemorative Edition (with numbers) S-XXL,https://yang-jersey.x.yupoo.com/albums/213227319?uid=1&isSubCate=false&referrercate=3903592,,False,,3
213227119,Retro 1994 Flamengo home S-XXL,https://yang-jersey.x.yupoo.com/albums/213227119?uid=1&isSubCate=false&referrercate=3903592,,False,,3
213226858,Retro 1999/00 Fiorentina away S-XXL,https://yang-jersey.x.yupoo.com/albums/213226858?uid=1&isSubCate=false&referrercate=3903592,,False,,3
213219605,Retro 2000/02 Bayern away S-XXL,https://yang-jersey.x.yupoo.com/albums/213219605?uid=1&isSubCate=false&referrercate=3903592,,False,,3
213219488,Retro 2000 Romania home S-XXL,https://yang-jersey.x.yupoo.com/albums/213219488?uid=1&isSubCate=false&referrercate=3903592,,False,,3
213218913,Retro 1994 Nigeria home S-XXL,https://yang-jersey.x.yupoo.com/albums/213218913?uid=1&isSubCate=false&referrercate=3903592,,False,,3
213218514,Retro 2002 Brazil away long sleeved S-XXL,https://yang-jersey.x.yupoo.com/albums/213218514?uid=1&isSubCate=false&referrercate=3903592,,False,,3
213218172,Retro 2012/13 Manchester City away S-XXL,https://yang-jersey.x.yupoo.com/albums/213218172?uid=1&isSubCate=false&referrercate=3903592,,False,,3
213218021,Retro 2004/05 Newcastle away S-XXL,https://yang-jersey.x.yupoo.com/albums/213218021?uid=1&isSubCate=false&referrercate=3903592,,False,,3
213217892,Retro 2008/09 Manchester City away S-XXL,https://yang-jersey.x.yupoo.com/albums/213217892?uid=1&isSubCate=false&referrercate=3903592,,False,,3
213217693,Retro 1984/85 Real Madrid away S-XXL,https://yang-jersey.x.yupoo.com/albums/213217693?uid=1&isSubCate=false&referrercate=3903592,,False,,3
213216907,Retro 2007/08 Manchester City away S-XXL,https://yang-jersey.x.yupoo.com/albums/213216907?uid=1&isSubCate=false&referrercate=3903592,,False,,3
213216032,Retro 1998 China home S-XXL,https://yang-jersey.x.yupoo.com/albums/213216032?uid=1&isSubCate=false&referrercate=3903592,,False,,3
213277084,Retro 2005/06 JVT home S-XXL,https://yang-jersey.x.yupoo.com/albums/213277084?uid=1&isSubCate=false&referrercate=3903592,,True,,3
213226488,Retro 2005/06 JVT Second away game S-XXL,https://yang-jersey.x.yupoo.com/albums/213226488?uid=1&isSubCate=false&referrercate=3903592,,True,,3
213217389,Retro 2017/18 JVT home S-XXL,https://yang-jersey.x.yupoo.com/albums/213217389?uid=1&isSubCate=false&referrercate=3903592,,True,,3
213217180,Retro 2018/19 JVT home S-XXL,https://yang-jersey.x.yupoo.com/albums/213217180?uid=1&isSubCate=false&referrercate=3903592,,True,,3
213148678,Retro France 100th Anniversary Edition Blue S-XXL,https://yang-jersey.x.yupoo.com/albums/213148678?uid=1&isSubCate=false&referrercate=3903592,,False,,3
213148499,Retro 1999/00 Lazio Second away long sleeved S-XXL,https://yang-jersey.x.yupoo.com/albums/213148499?uid=1&isSubCate=false&referrercate=3903592,,False,,3
213148214,Retro 2007/08 Manchester United goalkeeper blue long sleeved S-XXL,https://yang-jersey.x.yupoo.com/albums/213148214?uid=1&isSubCate=false&referrercate=3903592,,False,,3
213148061,Retro 2007/08 Manchester United goalkeeper blue S-XXL,https://yang-jersey.x.yupoo.com/albums/213148061?uid=1&isSubCate=false&referrercate=3903592,,False,,3
213147640,Retro 2006 Brazil home long sleeved S-XXL,https://yang-jersey.x.yupoo.com/albums/213147640?uid=1&isSubCate=false&referrercate=3903592,,False,,3
213147490,Retro 2007/08 Inter Milan away S-XXL,https://yang-jersey.x.yupoo.com/albums/213147490?uid=1&isSubCate=false&referrercate=3903592,,False,,3
213147279,Retro 2013 USA home S-XXL,https://yang-jersey.x.yupoo.com/albums/213147279?uid=1&isSubCate=false&referrercate=3903592,,False,,3
213146833,Retro 1997 Dortmund  Home S-XXL,https://yang-jersey.x.yupoo.com/albums/213146833?uid=1&isSubCate=false&referrercate=3903592,,False,,3
213146674,Retro 1997 Brazil away S-XXL,https://yang-jersey.x.yupoo.com/albums/213146674?uid=1&isSubCate=false&referrercate=3903592,,False,,3
213145229,Retro 1997/98 Manchester City away long sleeved S-XXL,https://yang-jersey.x.yupoo.com/albums/213145229?uid=1&isSubCate=false&referrercate=3903592,,False,,3
213144999,Retro 1999/00 Deportivo de La Coruña home long sleeved S-XXL,https://yang-jersey.x.yupoo.com/albums/213144999?uid=1&isSubCate=false&referrercate=3903592,,False,,3
213144782,Retro 1998/99 Barcelona away long sleeved S-XXL,https://yang-jersey.x.yupoo.com/albums/213144782?uid=1&isSubCate=false&referrercate=3903592,,False,,3
213144581,Retro 1996/97 Atletico Madrid home S-XXL,https://yang-jersey.x.yupoo.com/albums/213144581?uid=1&isSubCate=false&referrercate=3903592,,False,,4
213144401,Retro 2006/07 Bayern home S-XXL,https://yang-jersey.x.yupoo.com/albums/213144401?uid=1&isSubCate=false&referrercate=3903592,,False,,4
213146494,Retro 2010/11 JVT away S-XXL,https://yang-jersey.x.yupoo.com/albums/213146494?uid=1&isSubCate=false&referrercate=3903592,,True,,4
213145815,Retro 1981/84 LVP home S-XXL,https://yang-jersey.x.yupoo.com/albums/213145815?uid=1&isSubCate=false&referrercate=3903592,,True,,4
211386968,Retro 2011/12 Manchester United Home Player Edition S-3XL,https://yang-jersey.x.yupoo.com/albums/211386968?uid=1&isSubCate=false&referrercate=3903592,,False,,4
208852248,Retro 2018/19 Manchester United  Second away player edition S-3XL,https://yang-jersey.x.yupoo.com/albums/208852248?uid=1&isSubCate=false&referrercate=3903592,,False,,4
208851938,Retro 2014 World Cup Portugal home player edition S-3XL,https://yang-jersey.x.yupoo.com/albums/208851938?uid=1&isSubCate=false&referrercate=3903592,,False,,4
208851492,Retro 2007/08 Barcelona home player edition S-3XL,https://yang-jersey.x.yupoo.com/albums/208851492?uid=1&isSubCate=false&referrercate=3903592,,False,,4
208851128,Retro 2020/21 Real Madrid away player edition S-3XL,https://yang-jersey.x.yupoo.com/albums/208851128?uid=1&isSubCate=false&referrercate=3903592,,False,,4
208850857,Retro 2020/21 Real Madrid Home Player Edition S-3XL,https://yang-jersey.x.yupoo.com/albums/208850857?uid=1&isSubCate=false&referrercate=3903592,,False,,4
208850540,Retro 2006/07 Barcelona home player edition S-3XL,https://yang-jersey.x.yupoo.com/albums/208850540?uid=1&isSubCate=false&referrercate=3903592,,False,,4
208850261,Retro 2010 World Cup Portugal Home Long Sleeve Player Edition S-3XL,https://yang-jersey.x.yupoo.com/albums/208850261?uid=1&isSubCate=false&referrercate=3903592,,False,,4
208850042,Retro 2010 World Cup Portugal home player edition S-3XL,https://yang-jersey.x.yupoo.com/albums/208850042?uid=1&isSubCate=false&referrercate=3903592,,False,,4
208825608,Retro 2010 South Africa World Cup Portugal away player edition S-3XL,https://yang-jersey.x.yupoo.com/albums/208825608?uid=1&isSubCate=false&referrercate=3903592,,False,,4
208825482,Retro 2013/14 Barcelona Second away player edition S-3XL,https://yang-jersey.x.yupoo.com/albums/208825482?uid=1&isSubCate=false&referrercate=3903592,,False,,4
208825343,Retro 2006/07 Real Madrid Home Player Edition S-3XL,https://yang-jersey.x.yupoo.com/albums/208825343?uid=1&isSubCate=false&referrercate=3903592,,False,,4
208825055,Retro 2009/10 Inter Milan home player edition S-3XL,https://yang-jersey.x.yupoo.com/albums/208825055?uid=1&isSubCate=false&referrercate=3903592,,False,,4
208824866,Retro 2007/08 Manchester United Home Long Sleeve Player Edition S-3XL,https://yang-jersey.x.yupoo.com/albums/208824866?uid=1&isSubCate=false&referrercate=3903592,,False,,4
208723317,Retro 2013/14 Manchester United home player edition S-3XL,https://yang-jersey.x.yupoo.com/albums/208723317?uid=1&isSubCate=false&referrercate=3903592,,False,,4
206973254,Retro 2021 Copa America Champion Argentina Home Player Edition S-3XL,https://yang-jersey.x.yupoo.com/albums/206973254?uid=1&isSubCate=false&referrercate=3903592,,False,,4
206973041,Retro 2013/14 Real Madrid Second away player edition S-3XL,https://yang-jersey.x.yupoo.com/albums/206973041?uid=1&isSubCate=false&referrercate=3903592,,False,,4
206972771,Retro 2012/13 Barcelona Home Long Sleeve Player Edition S-3XL,https://yang-jersey.x.yupoo.com/albums/206972771?uid=1&isSubCate=false&referrercate=3903592,,False,,4
206972143,Retro 2022/23 Manchester City Home Player Edition S-3XL,https://yang-jersey.x.yupoo.com/albums/206972143?uid=1&isSubCate=false&referrercate=3903592,,False,,4
206971575,Retro 2014 World Cup Argentina home player edition S-3XL,https://yang-jersey.x.yupoo.com/albums/206971575?uid=1&isSubCate=false&referrercate=3903592,,False,,4
206861063,Retro 2007/08 Manchester United home player edition S-3XL,https://yang-jersey.x.yupoo.com/albums/206861063?uid=1&isSubCate=false&referrercate=3903592,,False,,4
203166198,Retro 2005/06 Real Madrid  Second away S-XXL,https://yang-jersey.x.yupoo.com/albums/203166198?uid=1&isSubCate=false&referrercate=3903592,,False,,4
203158987,Retro 2012/13 PSG home S-XXL,https://yang-jersey.x.yupoo.com/albums/203158987?uid=1&isSubCate=false&referrercate=3903592,,False,,4
203158655,Retro 1986/87 Real Madrid away S-XXL,https://yang-jersey.x.yupoo.com/albums/203158655?uid=1&isSubCate=false&referrercate=3903592,,False,,4
203158148,Retro 1999/00 Espanyol home S-XXL,https://yang-jersey.x.yupoo.com/albums/203158148?uid=1&isSubCate=false&referrercate=3903592,,False,,4
202995841,Retro 2016 Portugal away S-XXL,https://yang-jersey.x.yupoo.com/albums/202995841?uid=1&isSubCate=false&referrercate=3903592,,False,,4
202995614,Retro 1996/97 Dortmund home S-XXL,https://yang-jersey.x.yupoo.com/albums/202995614?uid=1&isSubCate=false&referrercate=3903592,,False,,4
202930145,Retro 2012 Italy home S-XXL,https://yang-jersey.x.yupoo.com/albums/202930145?uid=1&isSubCate=false&referrercate=3903592,,False,,4
202929813,Retro 1997/98 AC Milan home S-XXL,https://yang-jersey.x.yupoo.com/albums/202929813?uid=1&isSubCate=false&referrercate=3903592,,False,,4
202929432,Retro 1999/00 Corinthians home S-XXL,https://yang-jersey.x.yupoo.com/albums/202929432?uid=1&isSubCate=false&referrercate=3903592,,False,,4
202928317,Retro 1998/99 Lazio away long sleeved S-XXL,https://yang-jersey.x.yupoo.com/albums/202928317?uid=1&isSubCate=false&referrercate=3903592,,False,,4
202927795,Retro 1998 China away S-XXL,https://yang-jersey.x.yupoo.com/albums/202927795?uid=1&isSubCate=false&referrercate=3903592,,False,,4
202877758,Retro 1993/94 Arsenal away long sleeved S-XXL,https://yang-jersey.x.yupoo.com/albums/202877758?uid=1&isSubCate=false&referrercate=3903592,,False,,4
202877326,Retro 2008/10 Arsenal home S-XXL,https://yang-jersey.x.yupoo.com/albums/202877326?uid=1&isSubCate=false&referrercate=3903592,,False,,4
202876695,Retro 1995/97 Betis away long sleeved S-XXL,https://yang-jersey.x.yupoo.com/albums/202876695?uid=1&isSubCate=false&referrercate=3903592,,False,,4
202876377,Retro 1998/99 Lazio home long sleeved S-XXL,https://yang-jersey.x.yupoo.com/albums/202876377?uid=1&isSubCate=false&referrercate=3903592,,False,,4
202876142,Retro 2012/13 Santos Second away long sleeved S-XXL,https://yang-jersey.x.yupoo.com/albums/202876142?uid=1&isSubCate=false&referrercate=3903592,,False,,4
202875939,Retro 2011/12 Marseille second away S-XXL,https://yang-jersey.x.yupoo.com/albums/202875939?uid=1&isSubCate=false&referrercate=3903592,,False,,4
202875738,Retro 2000/01 Boca Juniors home S-XXL,https://yang-jersey.x.yupoo.com/albums/202875738?uid=1&isSubCate=false&referrercate=3903592,,False,,4
202928417,Retro 1999/00 LVP away S-XXL,https://yang-jersey.x.yupoo.com/albums/202928417?uid=1&isSubCate=false&referrercate=3903592,,True,,4
197511241,Retro 2011/12 Barcelona away Long Sleeve Player Edition S-3XL,https://yang-jersey.x.yupoo.com/albums/197511241?uid=1&isSubCate=false&referrercate=3903592,,False,,4
197511115,Retro 2012 Portugal away long sleeved Player Edition S-3XL,https://yang-jersey.x.yupoo.com/albums/197511115?uid=1&isSubCate=false&referrercate=3903592,,False,,4
197510991,Retro 2014 Argentina away player edition S-3XL,https://yang-jersey.x.yupoo.com/albums/197510991?uid=1&isSubCate=false&referrercate=3903592,,False,,4
197510919,Retro 2022/23 Manchester United Home  Player Edition S-3XL,https://yang-jersey.x.yupoo.com/albums/197510919?uid=1&isSubCate=false&referrercate=3903592,,False,,4
197510845,Retro 2018/19 Real Madrid Home Player Edition S-3XL,https://yang-jersey.x.yupoo.com/albums/197510845?uid=1&isSubCate=false&referrercate=3903592,,False,,4
197510694,Retro 2008/09 Manchester United Second away  Player Edition S-3XL,https://yang-jersey.x.yupoo.com/albums/197510694?uid=1&isSubCate=false&referrercate=3903592,,False,,4
197510610,Retro 2011/12 Real Madrid Second Away  Player Edition S-3XL,https://yang-jersey.x.yupoo.com/albums/197510610?uid=1&isSubCate=false&referrercate=3903592,,False,,4
197510497,Retro 2022/23 Manchester United Home Long Sleeve Player Edition S-3XL,https://yang-jersey.x.yupoo.com/albums/197510497?uid=1&isSubCate=false&referrercate=3903592,,False,,4
197510388,Retro 2006/07 Manchester United Home Long Sleeve Player Edition S-3XL,https://yang-jersey.x.yupoo.com/albums/197510388?uid=1&isSubCate=false&referrercate=3903592,,False,,4
197369492,Retro 2011/12 Real Madrid Second Away Long Sleeve Player Edition S-3XL,https://yang-jersey.x.yupoo.com/albums/197369492?uid=1&isSubCate=false&referrercate=3903592,,False,,4
197369334,Retro 2010/11 Barcelona Home Long Sleeve Player Edition S-3XL,https://yang-jersey.x.yupoo.com/albums/197369334?uid=1&isSubCate=false&referrercate=3903592,,False,,4
197368918,Retro 2012/13 Real Madrid Second Away Long Sleeve Player Edition S-3XL,https://yang-jersey.x.yupoo.com/albums/197368918?uid=1&isSubCate=false&referrercate=3903592,,False,,4
197368809,Retro 2012/13 Real Madrid Second away Player Edition S-3XL,https://yang-jersey.x.yupoo.com/albums/197368809?uid=1&isSubCate=false&referrercate=3903592,,False,,4
197368488,Retro 2011/12 Barcelona away player edition S-3XL,https://yang-jersey.x.yupoo.com/albums/197368488?uid=1&isSubCate=false&referrercate=3903592,,False,,4
197368287,Retro 2006/07 Manchester United Home Player Edition S-3XL,https://yang-jersey.x.yupoo.com/albums/197368287?uid=1&isSubCate=false&referrercate=3903592,,False,,4
197368034,Retro 2006/07 Manchester United away Player Edition S-3XL,https://yang-jersey.x.yupoo.com/albums/197368034?uid=1&isSubCate=false&referrercate=3903592,,False,,4
197367178,Retro 2006/07 Manchester United away Long Sleeve Player Edition S-3XL,https://yang-jersey.x.yupoo.com/albums/197367178?uid=1&isSubCate=false&referrercate=3903592,,False,,4
197366902,Retro 2008/09 Manchester United Second away Long Sleeve Player Edition S-3XL,https://yang-jersey.x.yupoo.com/albums/197366902?uid=1&isSubCate=false&referrercate=3903592,,False,,4
197366478,2022 Argentina Home Player Edition S-3XL,https://yang-jersey.x.yupoo.com/albums/197366478?uid=1&isSubCate=false&referrercate=3903592,,False,,4
194878122,Retro 2011/12 Arsenal away long sleeved Player Edition S-3XL,https://yang-jersey.x.yupoo.com/albums/194878122?uid=1&isSubCate=false&referrercate=3903592,,False,,4
194866412,Retro 2011/12 Arsenal away player edition S-3XL,https://yang-jersey.x.yupoo.com/albums/194866412?uid=1&isSubCate=false&referrercate=3903592,,False,,4
194865902,Retro 2016/17 Real Madrid Second away Long Sleeve Player Edition S-3XL,https://yang-jersey.x.yupoo.com/albums/194865902?uid=1&isSubCate=false&referrercate=3903592,,False,,4
194865620,Retro 2016/17 Real Madrid Second away Player Edition S-3XL,https://yang-jersey.x.yupoo.com/albums/194865620?uid=1&isSubCate=false&referrercate=3903592,,False,,4
194342882,Retro 1999/00 Sporting Lisbon home S-XXL,https://yang-jersey.x.yupoo.com/albums/194342882?uid=1&isSubCate=false&referrercate=3903592,,False,,4
194342681,Retro 2014/15 Roma home S-XXL,https://yang-jersey.x.yupoo.com/albums/194342681?uid=1&isSubCate=false&referrercate=3903592,,False,,4
194342386,Retro 1983/85 Fiorentina away S-XXL,https://yang-jersey.x.yupoo.com/albums/194342386?uid=1&isSubCate=false&referrercate=3903592,,False,,4
194342274,Retro 1983/85 Fiorentina home S-XXL,https://yang-jersey.x.yupoo.com/albums/194342274?uid=1&isSubCate=false&referrercate=3903592,,False,,4
194340765,Retro 2002/03 Inter Milan home S-XXL,https://yang-jersey.x.yupoo.com/albums/194340765?uid=1&isSubCate=false&referrercate=3903592,,False,,4
194298907,Retro 2002/03 Barcelona Second away S-XXL,https://yang-jersey.x.yupoo.com/albums/194298907?uid=1&isSubCate=false&referrercate=3903592,,False,,4
194298742,Retro 1999/00 Corinthians away S-XXL,https://yang-jersey.x.yupoo.com/albums/194298742?uid=1&isSubCate=false&referrercate=3903592,,False,,4
194298447,Retro 2013/14 AC Milan away S-XXL,https://yang-jersey.x.yupoo.com/albums/194298447?uid=1&isSubCate=false&referrercate=3903592,,False,,4
194298223,Retro 1997/98 Barcelona away S-XXL,https://yang-jersey.x.yupoo.com/albums/194298223?uid=1&isSubCate=false&referrercate=3903592,,False,,4
194298108,Retro 2012/13 Bayern home S-XXL,https://yang-jersey.x.yupoo.com/albums/194298108?uid=1&isSubCate=false&referrercate=3903592,,False,,4
194281824,Retro 2019/20 Birmingham home S-XXL,https://yang-jersey.x.yupoo.com/albums/194281824?uid=1&isSubCate=false&referrercate=3903592,,False,,4
194281437,Retro 2010/11 Chelsea away S-XXL,https://yang-jersey.x.yupoo.com/albums/194281437?uid=1&isSubCate=false&referrercate=3903592,,False,,4
194280807,Retro 2009/10 Inter Milan away S-XXL,https://yang-jersey.x.yupoo.com/albums/194280807?uid=1&isSubCate=false&referrercate=3903592,,False,,4
194280136,Retro 1996/97 Lazio away S-XXL,https://yang-jersey.x.yupoo.com/albums/194280136?uid=1&isSubCate=false&referrercate=3903592,,False,,4
194297734,Retro 2013/14 LVP home S-XXL,https://yang-jersey.x.yupoo.com/albums/194297734?uid=1&isSubCate=false&referrercate=3903592,,True,,4
194282198,Retro 1997/98 LVP away S-XXL,https://yang-jersey.x.yupoo.com/albums/194282198?uid=1&isSubCate=false&referrercate=3903592,,True,,4
194228935,Retro 1998/99 Parma home long sleeved S-XXL,https://yang-jersey.x.yupoo.com/albums/194228935?uid=1&isSubCate=false&referrercate=3903592,,False,,4
194228763,Retro 2014 Argentina away long sleeved S-XXL,https://yang-jersey.x.yupoo.com/albums/194228763?uid=1&isSubCate=false&referrercate=3903592,,False,,4
194228406,Retro 2002/03 Parma away long sleeved S-XXL,https://yang-jersey.x.yupoo.com/albums/194228406?uid=1&isSubCate=false&referrercate=3903592,,False,,4
194227965,Retro 1996/97 Boca Juniors home long sleeved S-XXL,https://yang-jersey.x.yupoo.com/albums/194227965?uid=1&isSubCate=false&referrercate=3903592,,False,,4
194227689,Retro 1994 Italy home long sleeved S-XXL,https://yang-jersey.x.yupoo.com/albums/194227689?uid=1&isSubCate=false&referrercate=3903592,,False,,4
194227450,Retro 2007/08 Manchester United goalkeeper grey long sleeved S-XXL,https://yang-jersey.x.yupoo.com/albums/194227450?uid=1&isSubCate=false&referrercate=3903592,,False,,4
194227235,Retro 1994 Argentina away long sleeved S-XXL,https://yang-jersey.x.yupoo.com/albums/194227235?uid=1&isSubCate=false&referrercate=3903592,,False,,4
194226639,Retro 2000/01 Arsenal away S-XXL,https://yang-jersey.x.yupoo.com/albums/194226639?uid=1&isSubCate=false&referrercate=3903592,,False,,4
194222317,Retro 2010 Brazil away S-XXL,https://yang-jersey.x.yupoo.com/albums/194222317?uid=1&isSubCate=false&referrercate=3903592,,False,,4
194220262,Retro 2007/08 Manchester United goalkeeper grey S-XXL,https://yang-jersey.x.yupoo.com/albums/194220262?uid=1&isSubCate=false&referrercate=3903592,,False,,4
194226192,Retro 1996/97 LVP Second away S-XXL,https://yang-jersey.x.yupoo.com/albums/194226192?uid=1&isSubCate=false&referrercate=3903592,,True,,4
194215826,Retro 2010/11 LVP Second away S-XXL,https://yang-jersey.x.yupoo.com/albums/194215826?uid=1&isSubCate=false&referrercate=3903592,,True,,4
194170213,Retro 2004/05 Barcelona away S-XXL,https://yang-jersey.x.yupoo.com/albums/194170213?uid=1&isSubCate=false&referrercate=3903592,,False,,4
194170102,Retro 2017/18 Barcelona away S-XXL,https://yang-jersey.x.yupoo.com/albums/194170102?uid=1&isSubCate=false&referrercate=3903592,,False,,4
194169957,Retro 2000/01 RCD Mallorca home S-XXL,https://yang-jersey.x.yupoo.com/albums/194169957?uid=1&isSubCate=false&referrercate=3903592,,False,,4
194169815,Retro 1999/00 Newcastle away S-XXL,https://yang-jersey.x.yupoo.com/albums/194169815?uid=1&isSubCate=false&referrercate=3903592,,False,,4
194169634,Retro 2001/02 Manchester United Double sided Centenary Edition Long Sleeve S-XXL,https://yang-jersey.x.yupoo.com/albums/194169634?uid=1&isSubCate=false&referrercate=3903592,,False,,4
194169326,Retro 1998/99 Roma away long sleeved S-XXL,https://yang-jersey.x.yupoo.com/albums/194169326?uid=1&isSubCate=false&referrercate=3903592,,False,,4
194169165,Retro 2000/01 PSG away S-XXL,https://yang-jersey.x.yupoo.com/albums/194169165?uid=1&isSubCate=false&referrercate=3903592,,False,,4
194168793,Retro 1920 D.C. United home S-XXL,https://yang-jersey.x.yupoo.com/albums/194168793?uid=1&isSubCate=false&referrercate=3903592,,False,,4
194162231,Retro 1988/90 Real Madrid home S-XXL,https://yang-jersey.x.yupoo.com/albums/194162231?uid=1&isSubCate=false&referrercate=3903592,,False,,4
194162096,Retro 2002 China  away S-XXL,https://yang-jersey.x.yupoo.com/albums/194162096?uid=1&isSubCate=false&referrercate=3903592,,False,,4
194161928,Retro 2002 China  Home S-XXL,https://yang-jersey.x.yupoo.com/albums/194161928?uid=1&isSubCate=false&referrercate=3903592,,False,,4
194161416,Retro 2006 Portugal away S-XXL,https://yang-jersey.x.yupoo.com/albums/194161416?uid=1&isSubCate=false&referrercate=3903592,,False,,4
192640811,Retro 2010/11 Porto home S-XXL,https://yang-jersey.x.yupoo.com/albums/192640811?uid=1&isSubCate=false&referrercate=3903592,,False,,4
192640579,Retro  1991 Colo-Colo Home S-XXL,https://yang-jersey.x.yupoo.com/albums/192640579?uid=1&isSubCate=false&referrercate=3903592,,False,,4
192573227,Retro  1991 Colo-Colo Away S-XXL,https://yang-jersey.x.yupoo.com/albums/192573227?uid=1&isSubCate=false&referrercate=3903592,,False,,4
192571744,Retro 2016/17 Barcelona second away S-XXL,https://yang-jersey.x.yupoo.com/albums/192571744?uid=1&isSubCate=false&referrercate=3903592,,False,,4
192571285,Retro 1999/00 Inter Milan home S-XXL,https://yang-jersey.x.yupoo.com/albums/192571285?uid=1&isSubCate=false&referrercate=3903592,,False,,4
192571017,Retro 2002/03 Inter Milan  Second away S-XXL,https://yang-jersey.x.yupoo.com/albums/192571017?uid=1&isSubCate=false&referrercate=3903592,,False,,4
192494928,Retro 1997/98 Tenerife home S-XXL,https://yang-jersey.x.yupoo.com/albums/192494928?uid=1&isSubCate=false&referrercate=3903592,,False,,4
192494629,Retro 2008 Spain away S-XXL,https://yang-jersey.x.yupoo.com/albums/192494629?uid=1&isSubCate=false&referrercate=3903592,,False,,4
192563188,Retro 2006/08 LVP Home Champions League Edition S-XXL,https://yang-jersey.x.yupoo.com/albums/192563188?uid=1&isSubCate=false&referrercate=3903592,,True,,4
192206406,Retro 2019/20 Real Madrid Second away Player Edition S-3XL,https://yang-jersey.x.yupoo.com/albums/192206406?uid=1&isSubCate=false&referrercate=3903592,,False,,4
192206258,Retro 2019/20 Real Madrid away player edition S-3XL,https://yang-jersey.x.yupoo.com/albums/192206258?uid=1&isSubCate=false&referrercate=3903592,,False,,4
192206113,Retro 2014/15 Barcelona Home Long Sleeve Player Edition S-3XL,https://yang-jersey.x.yupoo.com/albums/192206113?uid=1&isSubCate=false&referrercate=3903592,,False,,4
192205844,Retro 2009/10 Barcelona home jersey long sleeved player edition S-3XL,https://yang-jersey.x.yupoo.com/albums/192205844?uid=1&isSubCate=false&referrercate=3903592,,False,,4
192205716,Retro 2009/10 Barcelona home jersey player edition S-3XL,https://yang-jersey.x.yupoo.com/albums/192205716?uid=1&isSubCate=false&referrercate=3903592,,False,,5
192205246,Retro 2006/07 AC Milan away jersey player edition S-3XL,https://yang-jersey.x.yupoo.com/albums/192205246?uid=1&isSubCate=false&referrercate=3903592,,False,,5
191123806,Retro 1996/97 River Plate Home S-XXL,https://yang-jersey.x.yupoo.com/albums/191123806?uid=1&isSubCate=false&referrercate=3903592,,False,,5
191123680,Retro 2003/04 Parma Calcio 1913 away S-XXL,https://yang-jersey.x.yupoo.com/albums/191123680?uid=1&isSubCate=false&referrercate=3903592,,False,,5
191123525,Retro 2019/20 Manchester City home S-XXL,https://yang-jersey.x.yupoo.com/albums/191123525?uid=1&isSubCate=false&referrercate=3903592,,False,,5
191123412,Retro 2001/02 Bayern home S-XXL,https://yang-jersey.x.yupoo.com/albums/191123412?uid=1&isSubCate=false&referrercate=3903592,,False,,5
191123257,Retro 2019/20 Manchester United away S-XXL,https://yang-jersey.x.yupoo.com/albums/191123257?uid=1&isSubCate=false&referrercate=3903592,,False,,5
191123122,Retro 1994/95 Real Sociedad home S-XXL,https://yang-jersey.x.yupoo.com/albums/191123122?uid=1&isSubCate=false&referrercate=3903592,,False,,5
190937593,Retro 2013/14 Manchester United away long sleeved S-XXL,https://yang-jersey.x.yupoo.com/albums/190937593?uid=1&isSubCate=false&referrercate=3903592,,False,,5
190934910,Retro 2017/18 Roma home long sleeved S-XXL,https://yang-jersey.x.yupoo.com/albums/190934910?uid=1&isSubCate=false&referrercate=3903592,,False,,5
190934241,Retro 1996 Brazil away S-XXL,https://yang-jersey.x.yupoo.com/albums/190934241?uid=1&isSubCate=false&referrercate=3903592,,False,,5
190931663,Retro 2006 Germany home S-XXL,https://yang-jersey.x.yupoo.com/albums/190931663?uid=1&isSubCate=false&referrercate=3903592,,False,,5
190931026,Retro 1998/99 Roma  away S-XXL,https://yang-jersey.x.yupoo.com/albums/190931026?uid=1&isSubCate=false&referrercate=3903592,,False,,5
190930673,Retro 2010/11 AC Milan home S-XXL,https://yang-jersey.x.yupoo.com/albums/190930673?uid=1&isSubCate=false&referrercate=3903592,,False,,5
190925312,Retro 1992/94 Inter Milan home S-XXL,https://yang-jersey.x.yupoo.com/albums/190925312?uid=1&isSubCate=false&referrercate=3903592,,False,,5
190920194,Retro 2007/08 Sao Paulo home S-XXL,https://yang-jersey.x.yupoo.com/albums/190920194?uid=1&isSubCate=false&referrercate=3903592,,False,,5
190917670,Retro 1998 Manchester United commemorative edition long sleeved S-XXL,https://yang-jersey.x.yupoo.com/albums/190917670?uid=1&isSubCate=false&referrercate=3903592,,False,,5
190916428,Retro 1998/99 Manchester United Commemorative Edition S-XXL,https://yang-jersey.x.yupoo.com/albums/190916428?uid=1&isSubCate=false&referrercate=3903592,,False,,5
189994872,Retro 2011/12 Arsenal Home Long Sleeve Player Edition S-3XL,https://yang-jersey.x.yupoo.com/albums/189994872?uid=1&isSubCate=false&referrercate=3903592,,False,,5
189994620,Retro 2011/12 Arsenal Home Player Edition S-3XL,https://yang-jersey.x.yupoo.com/albums/189994620?uid=1&isSubCate=false&referrercate=3903592,,False,,5
189994241,Retro 2008/09 Manchester United away long sleeved player edition S-3XL,https://yang-jersey.x.yupoo.com/albums/189994241?uid=1&isSubCate=false&referrercate=3903592,,False,,5
189993941,Retro 2008/09 Manchester United away jersey player edition S-3XL,https://yang-jersey.x.yupoo.com/albums/189993941?uid=1&isSubCate=false&referrercate=3903592,,False,,5
189855760,Retro 2012 Portugal home jersey long sleeved player edition S-3XL,https://yang-jersey.x.yupoo.com/albums/189855760?uid=1&isSubCate=false&referrercate=3903592,,False,,5
189855628,Retro 2012 Portugal home jersey player edition S-3XL,https://yang-jersey.x.yupoo.com/albums/189855628?uid=1&isSubCate=false&referrercate=3903592,,False,,5
189855398,Retro 2012/13 Manchester United home jersey long sleeved player edition S-3XL,https://yang-jersey.x.yupoo.com/albums/189855398?uid=1&isSubCate=false&referrercate=3903592,,False,,5
189854506,Retro 2012/13 Manchester United home jersey player edition S-3XL,https://yang-jersey.x.yupoo.com/albums/189854506?uid=1&isSubCate=false&referrercate=3903592,,False,,5
189776468,Retro 2013 Portugal away long sleeved Player Edition S-3XL,https://yang-jersey.x.yupoo.com/albums/189776468?uid=1&isSubCate=false&referrercate=3903592,,False,,5
189776332,Retro 2013 Portugal away player edition S-3XL,https://yang-jersey.x.yupoo.com/albums/189776332?uid=1&isSubCate=false&referrercate=3903592,,False,,5
188278547,Retro 2014 Germany  Home Long Sleeve Player Edition S-3XL,https://yang-jersey.x.yupoo.com/albums/188278547?uid=1&isSubCate=false&referrercate=3903592,,False,,5
188266171,Retro 2014 Germany  Home Player Edition S-3XL,https://yang-jersey.x.yupoo.com/albums/188266171?uid=1&isSubCate=false&referrercate=3903592,,False,,5
188107896,Retro 1995 Italy away S-XXL,https://yang-jersey.x.yupoo.com/albums/188107896?uid=1&isSubCate=false&referrercate=3903592,,False,,5
188107709,Retro 2012/13 Santos away S-XXL,https://yang-jersey.x.yupoo.com/albums/188107709?uid=1&isSubCate=false&referrercate=3903592,,False,,5
188107084,Retro 1998 Netherlands away S-XXL,https://yang-jersey.x.yupoo.com/albums/188107084?uid=1&isSubCate=false&referrercate=3903592,,False,,5
188106606,Retro 2003/05 Manchester United away long sleeved S-XXL,https://yang-jersey.x.yupoo.com/albums/188106606?uid=1&isSubCate=false&referrercate=3903592,,False,,5
188082728,Retro 1992 Southampton away S-XXL,https://yang-jersey.x.yupoo.com/albums/188082728?uid=1&isSubCate=false&referrercate=3903592,,False,,5
187997479,Retro 1992/93 Inter Milan away S-XXL,https://yang-jersey.x.yupoo.com/albums/187997479?uid=1&isSubCate=false&referrercate=3903592,,False,,5
188106890,Retro 2006/07 LVP home long sleeved S-XXL,https://yang-jersey.x.yupoo.com/albums/188106890?uid=1&isSubCate=false&referrercate=3903592,,True,,5
187993175,Retro 2012/13 Málaga home S-XXL,https://yang-jersey.x.yupoo.com/albums/187993175?uid=1&isSubCate=false&referrercate=3903592,,False,,5
187992152,Retro 2015/16 Southampton home S-XXL,https://yang-jersey.x.yupoo.com/albums/187992152?uid=1&isSubCate=false&referrercate=3903592,,False,,5
187991866,Retro 2000/01 Manchester United away long sleeved S-XXL,https://yang-jersey.x.yupoo.com/albums/187991866?uid=1&isSubCate=false&referrercate=3903592,,False,,5
187989050,Retro 1998/99 Newcastle away S-XXL,https://yang-jersey.x.yupoo.com/albums/187989050?uid=1&isSubCate=false&referrercate=3903592,,False,,5
187988447,Retro 2002/03 Manchester United away S-XXL,https://yang-jersey.x.yupoo.com/albums/187988447?uid=1&isSubCate=false&referrercate=3903592,,False,,5
187987607,Retro 1998 Brazil away long sleeved S-XXL,https://yang-jersey.x.yupoo.com/albums/187987607?uid=1&isSubCate=false&referrercate=3903592,,False,,5
187985392,Retro 1987/88 Napoli home long sleeved S-XXL,https://yang-jersey.x.yupoo.com/albums/187985392?uid=1&isSubCate=false&referrercate=3903592,,False,,5
187984431,Retro 1998 England away S-XXL,https://yang-jersey.x.yupoo.com/albums/187984431?uid=1&isSubCate=false&referrercate=3903592,,False,,5
187984108,Retro 1992/93 LVP away S-XXL,https://yang-jersey.x.yupoo.com/albums/187984108?uid=1&isSubCate=false&referrercate=3903592,,True,,5
187912438,Retro 2000/01 Betis home S-XXL,https://yang-jersey.x.yupoo.com/albums/187912438?uid=1&isSubCate=false&referrercate=3903592,,False,,5
187912086,Retro 2002/03 Real Sociedad home S-XXL,https://yang-jersey.x.yupoo.com/albums/187912086?uid=1&isSubCate=false&referrercate=3903592,,False,,5
187817822,Retro 2012/13 Arsenal Home Long Sleeve Player Edition S-3XL,https://yang-jersey.x.yupoo.com/albums/187817822?uid=1&isSubCate=false&referrercate=3903592,,False,,5
187817582,Retro 2012/13 Arsenal Home Player Edition S-3XL,https://yang-jersey.x.yupoo.com/albums/187817582?uid=1&isSubCate=false&referrercate=3903592,,False,,5
187817014,Retro 2009/10 Real Madrid Home Long Sleeve Player Edition S-3XL,https://yang-jersey.x.yupoo.com/albums/187817014?uid=1&isSubCate=false&referrercate=3903592,,False,,5
187519894,Retro 2006/07 Barcelona away S-XXL,https://yang-jersey.x.yupoo.com/albums/187519894?uid=1&isSubCate=false&referrercate=3903592,,False,,5
187517999,Retro 2007/08 Real Madrid home S-XXL,https://yang-jersey.x.yupoo.com/albums/187517999?uid=1&isSubCate=false&referrercate=3903592,,False,,5
187517643,Retro 2012/13 Santos second away S-XXL,https://yang-jersey.x.yupoo.com/albums/187517643?uid=1&isSubCate=false&referrercate=3903592,,False,,5
187517337,Retro 1998/99 Real Betis home S-XXL,https://yang-jersey.x.yupoo.com/albums/187517337?uid=1&isSubCate=false&referrercate=3903592,,False,,5
187517052,Retro 1976/77 Real Betis home S-XXL,https://yang-jersey.x.yupoo.com/albums/187517052?uid=1&isSubCate=false&referrercate=3903592,,False,,5
187514567,Retro 1993/95 Boca Juniors home S-XXL,https://yang-jersey.x.yupoo.com/albums/187514567?uid=1&isSubCate=false&referrercate=3903592,,False,,5
187513849,Retro 2005/06 Bayern home S-XXL,https://yang-jersey.x.yupoo.com/albums/187513849?uid=1&isSubCate=false&referrercate=3903592,,False,,5
187478463,Retro 2007/08 Bayern home S-XXL,https://yang-jersey.x.yupoo.com/albums/187478463?uid=1&isSubCate=false&referrercate=3903592,,False,,5
187478157,Retro 2010/11 Schalke away S-XXL,https://yang-jersey.x.yupoo.com/albums/187478157?uid=1&isSubCate=false&referrercate=3903592,,False,,5
187477963,Retro 1998/99 Barcelona Second away S-XXL,https://yang-jersey.x.yupoo.com/albums/187477963?uid=1&isSubCate=false&referrercate=3903592,,False,,5
187477558,Retro 2003/04 Sporting Lisbon home S-XXL,https://yang-jersey.x.yupoo.com/albums/187477558?uid=1&isSubCate=false&referrercate=3903592,,False,,5
187477097,Retro 1991/02 Cadiz home S-XXL,https://yang-jersey.x.yupoo.com/albums/187477097?uid=1&isSubCate=false&referrercate=3903592,,False,,5
187476283,Retro 1994/95 Arsenal away S-XXL,https://yang-jersey.x.yupoo.com/albums/187476283?uid=1&isSubCate=false&referrercate=3903592,,False,,5
187464976,Retro 2003/04 Real Madrid away S-XXL,https://yang-jersey.x.yupoo.com/albums/187464976?uid=1&isSubCate=false&referrercate=3903592,,False,,5
187476848,Retro 1991/02 LVP away S-XXL,https://yang-jersey.x.yupoo.com/albums/187476848?uid=1&isSubCate=false&referrercate=3903592,,True,,5
187476727,Retro 1991/92 LVP home S-XXL,https://yang-jersey.x.yupoo.com/albums/187476727?uid=1&isSubCate=false&referrercate=3903592,,True,,5
185621334,Retro 2002/03 Bayern home S-XXL,https://yang-jersey.x.yupoo.com/albums/185621334?uid=1&isSubCate=false&referrercate=3903592,,False,,5
185620351,Retro 2010/11 Schalke home S-XXL,https://yang-jersey.x.yupoo.com/albums/185620351?uid=1&isSubCate=false&referrercate=3903592,,False,,5
184657091,Retro 2002/03 Manchester United  Second away long sleeved S-XXL,https://yang-jersey.x.yupoo.com/albums/184657091?uid=1&isSubCate=false&referrercate=3903592,,False,,5
184616951,Retro 2003/04 Bayern away S-XXL,https://yang-jersey.x.yupoo.com/albums/184616951?uid=1&isSubCate=false&referrercate=3903592,,False,,5
184616793,Retro 1988/89 Real Betis home S-XXL,https://yang-jersey.x.yupoo.com/albums/184616793?uid=1&isSubCate=false&referrercate=3903592,,False,,5
184504107,Retro 2014 Brazil home S-XXL,https://yang-jersey.x.yupoo.com/albums/184504107?uid=1&isSubCate=false&referrercate=3903592,,False,,5
184503968,Retro 1998/99 Manchester United away long sleeved S-XXL,https://yang-jersey.x.yupoo.com/albums/184503968?uid=1&isSubCate=false&referrercate=3903592,,False,,5
184449156,Retro 2006/07 Arsenal home S-XXL,https://yang-jersey.x.yupoo.com/albums/184449156?uid=1&isSubCate=false&referrercate=3903592,,False,,5
184448827,Retro 2003/04 AC Milan home S-XXL,https://yang-jersey.x.yupoo.com/albums/184448827?uid=1&isSubCate=false&referrercate=3903592,,False,,5
184448429,Retro 2002 Brazil home long sleeved S-XXL,https://yang-jersey.x.yupoo.com/albums/184448429?uid=1&isSubCate=false&referrercate=3903592,,False,,5
184448649,Retro 2006 Brazil away S-XXL,https://yang-jersey.x.yupoo.com/albums/184448649?uid=1&isSubCate=false&referrercate=3903592,,False,,5
184387435,Retro 2006 World Cup Argentina away player version S-3XL,https://yang-jersey.x.yupoo.com/albums/184387435?uid=1&isSubCate=false&referrercate=3903592,,False,,5
184387333,Retro 2014/15 Real Madrid Second away Long Sleeve Player Edition S-3XL,https://yang-jersey.x.yupoo.com/albums/184387333?uid=1&isSubCate=false&referrercate=3903592,,False,,5
184325154,Retro 2001 Colombia home S-XXL,https://yang-jersey.x.yupoo.com/albums/184325154?uid=1&isSubCate=false&referrercate=3903592,,False,,5
184325084,Retro 1999/00 Real Betis home S-XXL,https://yang-jersey.x.yupoo.com/albums/184325084?uid=1&isSubCate=false&referrercate=3903592,,False,,5
184324992,Retro 1995/97 Real Betis away S-XXL,https://yang-jersey.x.yupoo.com/albums/184324992?uid=1&isSubCate=false&referrercate=3903592,,False,,5
184324814,Retro 1982 Poland home S-XXL,https://yang-jersey.x.yupoo.com/albums/184324814?uid=1&isSubCate=false&referrercate=3903592,,False,,5
184324738,Retro 2019/20 Arsenal home S-XXL,https://yang-jersey.x.yupoo.com/albums/184324738?uid=1&isSubCate=false&referrercate=3903592,,False,,5
184324411,Retro 1998 Nigeria away S-XXL,https://yang-jersey.x.yupoo.com/albums/184324411?uid=1&isSubCate=false&referrercate=3903592,,False,,5
184267364,Retro 1994/95 Inter Milan away S-XXL,https://yang-jersey.x.yupoo.com/albums/184267364?uid=1&isSubCate=false&referrercate=3903592,,False,,5
184267212,Retro 2003/04 Bayern home S-XXL,https://yang-jersey.x.yupoo.com/albums/184267212?uid=1&isSubCate=false&referrercate=3903592,,False,,5
184324575,Retro 1995/96 LVP away long sleeved S-XXL,https://yang-jersey.x.yupoo.com/albums/184324575?uid=1&isSubCate=false&referrercate=3903592,,True,,5
184324248,Retro 2020/21 LVP black goalkeeper S-XXL,https://yang-jersey.x.yupoo.com/albums/184324248?uid=1&isSubCate=false&referrercate=3903592,,True,,5
183885251,Retro 2014 USA away S-XXL,https://yang-jersey.x.yupoo.com/albums/183885251?uid=1&isSubCate=false&referrercate=3903592,,False,,5
183885106,Retro 1996/97 Arsenal Away Long Sleeves S-XXL,https://yang-jersey.x.yupoo.com/albums/183885106?uid=1&isSubCate=false&referrercate=3903592,,False,,5
183883210,Retro 2014/15 Bayern home S-XXL,https://yang-jersey.x.yupoo.com/albums/183883210?uid=1&isSubCate=false&referrercate=3903592,,False,,5
183882069,Retro 1999/00 Deportivo La Coruna away Long Sleeves S-XXL,https://yang-jersey.x.yupoo.com/albums/183882069?uid=1&isSubCate=false&referrercate=3903592,,False,,5
183881808,Retro 1996/97 Arsenal Home Long Sleeves S-XXL,https://yang-jersey.x.yupoo.com/albums/183881808?uid=1&isSubCate=false&referrercate=3903592,,False,,5
183881223,Retro 1999/00 Roma home S-XXL,https://yang-jersey.x.yupoo.com/albums/183881223?uid=1&isSubCate=false&referrercate=3903592,,False,,5
183881065,Retro 2005/06 Arsenal away S-XXL,https://yang-jersey.x.yupoo.com/albums/183881065?uid=1&isSubCate=false&referrercate=3903592,,False,,5
183880857,Retro 1992/93 LVP home S-XXL,https://yang-jersey.x.yupoo.com/albums/183880857?uid=1&isSubCate=false&referrercate=3903592,,True,,5
183741256,Retro 2000/01 Valencia home S-XXL,https://yang-jersey.x.yupoo.com/albums/183741256?uid=1&isSubCate=false&referrercate=3903592,,False,,5
183740319,Retro 1995 Italy home S-XXL,https://yang-jersey.x.yupoo.com/albums/183740319?uid=1&isSubCate=false&referrercate=3903592,,False,,5
183678160,Retro 1992/93 Fiorentina home long sleeved S-XXL,https://yang-jersey.x.yupoo.com/albums/183678160?uid=1&isSubCate=false&referrercate=3903592,,False,,5
183678085,Retro 1992/93 Fiorentina away long sleeved S-XXL,https://yang-jersey.x.yupoo.com/albums/183678085?uid=1&isSubCate=false&referrercate=3903592,,False,,5
183678013,Retro 1995/96 Fiorentina Second away S-XXL,https://yang-jersey.x.yupoo.com/albums/183678013?uid=1&isSubCate=false&referrercate=3903592,,False,,5
183677755,Retro 2016/17 Real Madrid home long sleeved S-XXL,https://yang-jersey.x.yupoo.com/albums/183677755?uid=1&isSubCate=false&referrercate=3903592,,False,,5
183622623,2011/12 AC Milan away Retro Jersey S-XXL,https://yang-jersey.x.yupoo.com/albums/183622623?uid=1&isSubCate=false&referrercate=3903592,,False,,5
183621895,1998/99 Manchester United away Retro Jersey S-XXL,https://yang-jersey.x.yupoo.com/albums/183621895?uid=1&isSubCate=false&referrercate=3903592,,False,,5
183621689,1995/96 Aston Villa away Retro Jersey  S-XXL,https://yang-jersey.x.yupoo.com/albums/183621689?uid=1&isSubCate=false&referrercate=3903592,,False,,5
183622834,Retro 2004/05 LVP home long sleeved S-XXL,https://yang-jersey.x.yupoo.com/albums/183622834?uid=1&isSubCate=false&referrercate=3903592,,True,,5
183621977,1996/97 LVP away long sleeved Retro Jersey S-XXL,https://yang-jersey.x.yupoo.com/albums/183621977?uid=1&isSubCate=false&referrercate=3903592,,True,,5
183486091,Retro 1998/99 Roma home long sleeved S-XXL,https://yang-jersey.x.yupoo.com/albums/183486091?uid=1&isSubCate=false&referrercate=3903592,,False,,5
183485987,2019/20 Chivas away long sleeved Retro Jersey S-XXL,https://yang-jersey.x.yupoo.com/albums/183485987?uid=1&isSubCate=false&referrercate=3903592,,False,,5
183485063,Retro 2001/02  Manchester United double-sided  Centennial commemorative S-XXL,https://yang-jersey.x.yupoo.com/albums/183485063?uid=1&isSubCate=false&referrercate=3903592,,False,,5
183286130,Retro 2014/15 Real Madrid  Second away player edition S-3XL,https://yang-jersey.x.yupoo.com/albums/183286130?uid=1&isSubCate=false&referrercate=3903592,,False,,5
183286052,Retro 2012/13 Manchester United away player edition S-3XL,https://yang-jersey.x.yupoo.com/albums/183286052?uid=1&isSubCate=false&referrercate=3903592,,False,,5
183285969,Retro 2012 European Championship Portugal away player edition S-3XL,https://yang-jersey.x.yupoo.com/albums/183285969?uid=1&isSubCate=false&referrercate=3903592,,False,,5
183285831,Retro 2011/12 Barcelona Home Long Sleeve Player Edition S-3XL,https://yang-jersey.x.yupoo.com/albums/183285831?uid=1&isSubCate=false&referrercate=3903592,,False,,5
183285495,Retro 2011/12 Barcelona Home Player Edition S-3XL,https://yang-jersey.x.yupoo.com/albums/183285495?uid=1&isSubCate=false&referrercate=3903592,,False,,5
183261300,Retro 2009/10 Real Madrid home player edition S-3XL,https://yang-jersey.x.yupoo.com/albums/183261300?uid=1&isSubCate=false&referrercate=3903592,,False,,5
183260764,Retro 2010/11 Real Madrid away player edition S-3XL,https://yang-jersey.x.yupoo.com/albums/183260764?uid=1&isSubCate=false&referrercate=3903592,,False,,5
183260584,Retro 2010/11 Real Madrid away long sleeved player edition S-3XL,https://yang-jersey.x.yupoo.com/albums/183260584?uid=1&isSubCate=false&referrercate=3903592,,False,,5
183260343,Retro 2017/18 Real Madrid away Long Sleeve Player Edition S-3XL,https://yang-jersey.x.yupoo.com/albums/183260343?uid=1&isSubCate=false&referrercate=3903592,,False,,6
183194512,Retro 2015/16 Real Madrid Home Long Sleeve Player Edition S-3XL,https://yang-jersey.x.yupoo.com/albums/183194512?uid=1&isSubCate=false&referrercate=3903592,,False,,6
183194453,Retro 2015/16 Real Madrid home player edition S-3XL,https://yang-jersey.x.yupoo.com/albums/183194453?uid=1&isSubCate=false&referrercate=3903592,,False,,6
183194384,Retro 2014/15 Real Madrid home player edition S-3XL,https://yang-jersey.x.yupoo.com/albums/183194384?uid=1&isSubCate=false&referrercate=3903592,,False,,6
183194369,Retro 2014/15 Real Madrid Home Long Sleeve Player Edition S-3XL,https://yang-jersey.x.yupoo.com/albums/183194369?uid=1&isSubCate=false&referrercate=3903592,,False,,6
183194243,Retro 2010/11 Real Madrid Second Away Long Sleeve Player Edition S-3XL,https://yang-jersey.x.yupoo.com/albums/183194243?uid=1&isSubCate=false&referrercate=3903592,,False,,6
183194172,Retro 2010/11 Real Madrid Second away player edition S-3XL,https://yang-jersey.x.yupoo.com/albums/183194172?uid=1&isSubCate=false&referrercate=3903592,,False,,6
183138734,Retro 2017/18 Real Madrid away player edition S-3XL,https://yang-jersey.x.yupoo.com/albums/183138734?uid=1&isSubCate=false&referrercate=3903592,,False,,6
183126250,Retro 2013/14  Barcelona Home Player Edition S-3XL,https://yang-jersey.x.yupoo.com/albums/183126250?uid=1&isSubCate=false&referrercate=3903592,,False,,6
183126134,Retro 2019/20 Real Madrid Home Long Sleeve Player Edition S-3XL,https://yang-jersey.x.yupoo.com/albums/183126134?uid=1&isSubCate=false&referrercate=3903592,,False,,6
183125845,Retro 2019/20 Real Madrid Home Player Edition S-3XL,https://yang-jersey.x.yupoo.com/albums/183125845?uid=1&isSubCate=false&referrercate=3903592,,False,,6
183125333,Retro 2012/13 Barcelona Home Player Edition S-3XL,https://yang-jersey.x.yupoo.com/albums/183125333?uid=1&isSubCate=false&referrercate=3903592,,False,,6
183125085,Retro 2010/11 Barcelona Home Player Edition S-3XL,https://yang-jersey.x.yupoo.com/albums/183125085?uid=1&isSubCate=false&referrercate=3903592,,False,,6
183114126,Retro 2016/17 Real Madrid Home Long Sleeve Player Edition S-3XL,https://yang-jersey.x.yupoo.com/albums/183114126?uid=1&isSubCate=false&referrercate=3903592,,False,,6
183110857,Retro 2016/17 Real Madrid Home Player Edition S-3XL,https://yang-jersey.x.yupoo.com/albums/183110857?uid=1&isSubCate=false&referrercate=3903592,,False,,6
183066957,Retro 2012/13 Real Madrid Home Player Edition S-3XL,https://yang-jersey.x.yupoo.com/albums/183066957?uid=1&isSubCate=false&referrercate=3903592,,False,,6
183067050,Retro 2012/13 Real Madrid Home Long Sleeve Player Edition S-3XL,https://yang-jersey.x.yupoo.com/albums/183067050?uid=1&isSubCate=false&referrercate=3903592,,False,,6
183048290,Retro 2012/13 Real Madrid away long sleeved player edition S-3XL,https://yang-jersey.x.yupoo.com/albums/183048290?uid=1&isSubCate=false&referrercate=3903592,,False,,6
183048269,Retro 2012/13 Real Madrid away player edition S-3XL,https://yang-jersey.x.yupoo.com/albums/183048269?uid=1&isSubCate=false&referrercate=3903592,,False,,6
183048211,Retro 2013/14 Real Madrid Home Long Sleeve Player Edition S-3XL,https://yang-jersey.x.yupoo.com/albums/183048211?uid=1&isSubCate=false&referrercate=3903592,,False,,6
183048175,Retro 2013/14 Real Madrid Home Player Edition S-3XL,https://yang-jersey.x.yupoo.com/albums/183048175?uid=1&isSubCate=false&referrercate=3903592,,False,,6
183048100,Retro 2021/22 Real Madrid Home Long Sleeve Player Edition S-3XL,https://yang-jersey.x.yupoo.com/albums/183048100?uid=1&isSubCate=false&referrercate=3903592,,False,,6
183047963,Retro 2021/22 Real Madrid Home Player Edition S-3XL,https://yang-jersey.x.yupoo.com/albums/183047963?uid=1&isSubCate=false&referrercate=3903592,,False,,6
182692118,1996/97 Tampa Bay Mutiny home Retro Jersey  S-XXL,https://yang-jersey.x.yupoo.com/albums/182692118?uid=1&isSubCate=false&referrercate=3903592,,False,,6
182691985,Retro 2014 Mexico home S-XXL,https://yang-jersey.x.yupoo.com/albums/182691985?uid=1&isSubCate=false&referrercate=3903592,,False,,6
182691855,Retro 2001/02 Real Madrid home S-XXL,https://yang-jersey.x.yupoo.com/albums/182691855?uid=1&isSubCate=false&referrercate=3903592,,False,,6
182691799,Retro 2001/02 Real Madrid away S-XXL,https://yang-jersey.x.yupoo.com/albums/182691799?uid=1&isSubCate=false&referrercate=3903592,,False,,6
182691700,Retro 1994/96 Real Madrid away S-XXL,https://yang-jersey.x.yupoo.com/albums/182691700?uid=1&isSubCate=false&referrercate=3903592,,False,,6
182690772,Retro 2006/07 Manchester United away S-XXL,https://yang-jersey.x.yupoo.com/albums/182690772?uid=1&isSubCate=false&referrercate=3903592,,False,,6
182681516,1987 América Home Retro Jersey  S-XXL,https://yang-jersey.x.yupoo.com/albums/182681516?uid=1&isSubCate=false&referrercate=3903592,,False,,6
182681443,1987 América away Retro Jersey  S-XXL,https://yang-jersey.x.yupoo.com/albums/182681443?uid=1&isSubCate=false&referrercate=3903592,,False,,6
182681330,2016/17 Barcelona away Retro Jersey  S-XXL,https://yang-jersey.x.yupoo.com/albums/182681330?uid=1&isSubCate=false&referrercate=3903592,,False,,6
182681090,1997/98 Deportivo La Coruna away Retro Jersey  S-XXL,https://yang-jersey.x.yupoo.com/albums/182681090?uid=1&isSubCate=false&referrercate=3903592,,False,,6
182680767,1977/80 Nottingham Forest home Retro Jersey  S-XXL,https://yang-jersey.x.yupoo.com/albums/182680767?uid=1&isSubCate=false&referrercate=3903592,,False,,6
182658589,Retro 2014 Colombia home S-XXL,https://yang-jersey.x.yupoo.com/albums/182658589?uid=1&isSubCate=false&referrercate=3903592,,False,,6
182658426,Retro 1997 Brazil home S-XXL,https://yang-jersey.x.yupoo.com/albums/182658426?uid=1&isSubCate=false&referrercate=3903592,,False,,6
182657819,2019/20 Manchester United home Retro Jersey  S-XXL,https://yang-jersey.x.yupoo.com/albums/182657819?uid=1&isSubCate=false&referrercate=3903592,,False,,6
182657689,2019/20 Manchester United home long sleeved Retro Jersey  S-XXL,https://yang-jersey.x.yupoo.com/albums/182657689?uid=1&isSubCate=false&referrercate=3903592,,False,,6
182655604,1997/99 VfL Bochum home Retro Jersey S-XXL,https://yang-jersey.x.yupoo.com/albums/182655604?uid=1&isSubCate=false&referrercate=3903592,,False,,6
182653089,Retro 2019/20 Real Madrid away S-XXL,https://yang-jersey.x.yupoo.com/albums/182653089?uid=1&isSubCate=false&referrercate=3903592,,False,,6
182651770,Retro 2008 Spain home S-XXL,https://yang-jersey.x.yupoo.com/albums/182651770?uid=1&isSubCate=false&referrercate=3903592,,False,,6
182649043,Retro 2006/07 Chelsea home S-XXL,https://yang-jersey.x.yupoo.com/albums/182649043?uid=1&isSubCate=false&referrercate=3903592,,False,,6
182648838,Retro 2006/07 Chelsea home long sleeved S-XXL,https://yang-jersey.x.yupoo.com/albums/182648838?uid=1&isSubCate=false&referrercate=3903592,,False,,6
182647255,Retro 2010 Spain home S-XXL,https://yang-jersey.x.yupoo.com/albums/182647255?uid=1&isSubCate=false&referrercate=3903592,,False,,6
182647029,1998/99 Manchester United Black Champions League Edition Long Sleeve Retro Jersey S-XXL,https://yang-jersey.x.yupoo.com/albums/182647029?uid=1&isSubCate=false&referrercate=3903592,,False,,6
182655983,1996/97 LVP home long sleeved Retro Jersey  S-XXL,https://yang-jersey.x.yupoo.com/albums/182655983?uid=1&isSubCate=false&referrercate=3903592,,True,,6
182655743,1993/95 LVP away long sleeved Retro Jersey S-XXL,https://yang-jersey.x.yupoo.com/albums/182655743?uid=1&isSubCate=false&referrercate=3903592,,True,,6
182611590,1993/94 Manchester United Away black long sleeved Retro Jersey S-XXL,https://yang-jersey.x.yupoo.com/albums/182611590?uid=1&isSubCate=false&referrercate=3903592,,False,,6
182611520,1997/99 Bayern home long sleeved Retro Jersey S-XXL,https://yang-jersey.x.yupoo.com/albums/182611520?uid=1&isSubCate=false&referrercate=3903592,,False,,6
182611398,2013/14 Barcelona away Retro Jersey S-XXL,https://yang-jersey.x.yupoo.com/albums/182611398?uid=1&isSubCate=false&referrercate=3903592,,False,,6
182611338,1999/00 Barcelona Home  Centennial Edition Long Sleeve Shirt Retro Jersey S-XXL,https://yang-jersey.x.yupoo.com/albums/182611338?uid=1&isSubCate=false&referrercate=3903592,,False,,6
182611184,2012/13 Santos home long sleeved Retro Jersey S-XXL,https://yang-jersey.x.yupoo.com/albums/182611184?uid=1&isSubCate=false&referrercate=3903592,,False,,6
182611118,Retro 2007/08 Arsenal  Second away S-XXL,https://yang-jersey.x.yupoo.com/albums/182611118?uid=1&isSubCate=false&referrercate=3903592,,False,,6
182610996,2003/04 Celta de Vigo home Retro Jersey S-XXL,https://yang-jersey.x.yupoo.com/albums/182610996?uid=1&isSubCate=false&referrercate=3903592,,False,,6
182583591,2007/08 Barcelona away Retro Jersey S-XXL,https://yang-jersey.x.yupoo.com/albums/182583591?uid=1&isSubCate=false&referrercate=3903592,,False,,6
182583432,1994 France home Retro Jersey S-XXL,https://yang-jersey.x.yupoo.com/albums/182583432?uid=1&isSubCate=false&referrercate=3903592,,False,,6
182583261,2013/14 Barcelona Second away Retro Jersey S-XXL,https://yang-jersey.x.yupoo.com/albums/182583261?uid=1&isSubCate=false&referrercate=3903592,,False,,6
182583092,1994 France away Retro Jersey S-XXL,https://yang-jersey.x.yupoo.com/albums/182583092?uid=1&isSubCate=false&referrercate=3903592,,False,,6
182538379,Retro 2015/16 Barcelona home long sleeved S-XXL,https://yang-jersey.x.yupoo.com/albums/182538379?uid=1&isSubCate=false&referrercate=3903592,,False,,6
182538126,2001/02 Barcelona home Retro Jersey S-XXL,https://yang-jersey.x.yupoo.com/albums/182538126?uid=1&isSubCate=false&referrercate=3903592,,False,,6
182537906,1998 Japan away long sleeved Retro Jersey S-XXL,https://yang-jersey.x.yupoo.com/albums/182537906?uid=1&isSubCate=false&referrercate=3903592,,False,,6
182537491,1988/90 Manchester United second away long sleeved Retro Jersey S-XXL,https://yang-jersey.x.yupoo.com/albums/182537491?uid=1&isSubCate=false&referrercate=3903592,,False,,6
182537405,Retro 2014/15 Barcelona  Second away S-XXL,https://yang-jersey.x.yupoo.com/albums/182537405?uid=1&isSubCate=false&referrercate=3903592,,False,,6
182533669,1984/85 Real Madrid home Retro Jersey S-XXL,https://yang-jersey.x.yupoo.com/albums/182533669?uid=1&isSubCate=false&referrercate=3903592,,False,,6
182533593,Retro 1998 Netherlands home long sleeved S-XXL,https://yang-jersey.x.yupoo.com/albums/182533593?uid=1&isSubCate=false&referrercate=3903592,,False,,6
182533496,2007/08 AC Milan away Retro Jersey  S-XXL,https://yang-jersey.x.yupoo.com/albums/182533496?uid=1&isSubCate=false&referrercate=3903592,,False,,6
182532923,Retro 2004 Portugal away S-XXL,https://yang-jersey.x.yupoo.com/albums/182532923?uid=1&isSubCate=false&referrercate=3903592,,False,,6
182533241,Retro 2000/01 LVP Second away S-XXL,https://yang-jersey.x.yupoo.com/albums/182533241?uid=1&isSubCate=false&referrercate=3903592,,True,,6
182533126,Retro 2000/01 LVP home S-XXL,https://yang-jersey.x.yupoo.com/albums/182533126?uid=1&isSubCate=false&referrercate=3903592,,True,,6
182515034,Retro 1998 France away long sleeved S-XXL,https://yang-jersey.x.yupoo.com/albums/182515034?uid=1&isSubCate=false&referrercate=3903592,,False,,6
182514727,1995/96 West Ham United 100th Anniversary Retro Jersey S-XXL,https://yang-jersey.x.yupoo.com/albums/182514727?uid=1&isSubCate=false&referrercate=3903592,,False,,6
182513879,Retro 2024/25 Flamengo Commemorative Edition S-XXL,https://yang-jersey.x.yupoo.com/albums/182513879?uid=1&isSubCate=false&referrercate=3903592,,False,,6
182513993,Retro 2004 France home S-XXL,https://yang-jersey.x.yupoo.com/albums/182513993?uid=1&isSubCate=false&referrercate=3903592,,False,,6
182488860,Retro 2014/15 Barcelona home long sleeved S-XXL,https://yang-jersey.x.yupoo.com/albums/182488860?uid=1&isSubCate=false&referrercate=3903592,,False,,6
135854327,21/22 Barcelona Home,https://yang-jersey.x.yupoo.com/albums/135854327?uid=1&isSubCate=false&referrercate=3903592,,False,,6
135850408,20/21 FC Barcelona Home,https://yang-jersey.x.yupoo.com/albums/135850408?uid=1&isSubCate=false&referrercate=3903592,,False,,6
135850360,20/21 Barcelona away,https://yang-jersey.x.yupoo.com/albums/135850360?uid=1&isSubCate=false&referrercate=3903592,,False,,6
182488535,Retro 2011/12 Barcelona away S-XXL,https://yang-jersey.x.yupoo.com/albums/182488535?uid=1&isSubCate=false&referrercate=3903592,,False,,6
182488056,Retro 2001/02 Barcelona away S-XXL,https://yang-jersey.x.yupoo.com/albums/182488056?uid=1&isSubCate=false&referrercate=3903592,,False,,6
182487869,Retro 1994/95 Nigeria home S-XXL,https://yang-jersey.x.yupoo.com/albums/182487869?uid=1&isSubCate=false&referrercate=3903592,,False,,6
182487794,Retro 2014 USA Home S-XXL,https://yang-jersey.x.yupoo.com/albums/182487794?uid=1&isSubCate=false&referrercate=3903592,,False,,6
182487632,Retro 1994 Argentina home S-XXL,https://yang-jersey.x.yupoo.com/albums/182487632?uid=1&isSubCate=false&referrercate=3903592,,False,,6
182474745,Retro 1995/96 Flamengo away S-XXL,https://yang-jersey.x.yupoo.com/albums/182474745?uid=1&isSubCate=false&referrercate=3903592,,False,,6
182474303,Retro 1986 Argentina home long sleeved S-XXL,https://yang-jersey.x.yupoo.com/albums/182474303?uid=1&isSubCate=false&referrercate=3903592,,False,,6
182474119,Retro 1990/92 Manchester United away long sleeved S-XXL,https://yang-jersey.x.yupoo.com/albums/182474119?uid=1&isSubCate=false&referrercate=3903592,,False,,6
182474045,Retro 2014/15 Arsenal home S-XXL,https://yang-jersey.x.yupoo.com/albums/182474045?uid=1&isSubCate=false&referrercate=3903592,,False,,6
182473801,Retro 1986/87 Real Madrid away S-XXL,https://yang-jersey.x.yupoo.com/albums/182473801?uid=1&isSubCate=false&referrercate=3903592,,False,,6
182473029,Retro 2011/12 Chelsea home long sleeved S-XXL,https://yang-jersey.x.yupoo.com/albums/182473029?uid=1&isSubCate=false&referrercate=3903592,,False,,6
182473273,2009/10 LVP away Retro Jersey S-XXL,https://yang-jersey.x.yupoo.com/albums/182473273?uid=1&isSubCate=false&referrercate=3903592,,True,,6
182469034,Retro 2001/03 Sporting Lisbon home long sleeved S-XXL,https://yang-jersey.x.yupoo.com/albums/182469034?uid=1&isSubCate=false&referrercate=3903592,,False,,6
182468926,Retro 2005/06 Manchester United away S-XXL,https://yang-jersey.x.yupoo.com/albums/182468926?uid=1&isSubCate=false&referrercate=3903592,,False,,6
182468211,Retro 2011/12 Real Madrid away long sleeved S-XXL,https://yang-jersey.x.yupoo.com/albums/182468211?uid=1&isSubCate=false&referrercate=3903592,,False,,6
182468032,Retro 2012/13 Arsenal home S-XXL,https://yang-jersey.x.yupoo.com/albums/182468032?uid=1&isSubCate=false&referrercate=3903592,,False,,6
182467455,Retro 2010/11 Manchester United away long sleeved S-XXL,https://yang-jersey.x.yupoo.com/albums/182467455?uid=1&isSubCate=false&referrercate=3903592,,False,,6
182467358,Retro 2012/13 Barcelona away S-XXL,https://yang-jersey.x.yupoo.com/albums/182467358?uid=1&isSubCate=false&referrercate=3903592,,False,,6
182467268,Retro 2006 Italy home long sleeved S-XXL,https://yang-jersey.x.yupoo.com/albums/182467268?uid=1&isSubCate=false&referrercate=3903592,,False,,6
182467118,Retro 2011/12 Los Angeles Galaxy away S-XXL,https://yang-jersey.x.yupoo.com/albums/182467118?uid=1&isSubCate=false&referrercate=3903592,,False,,6
182466709,Retro 2001/03 Chelsea home S-XXL,https://yang-jersey.x.yupoo.com/albums/182466709?uid=1&isSubCate=false&referrercate=3903592,,False,,6
182465268,Retro 2003/04 Barcelona away long sleeved S-XXL,https://yang-jersey.x.yupoo.com/albums/182465268?uid=1&isSubCate=false&referrercate=3903592,,False,,6
182465134,2001/02 Rayo Vallecano home Retro jersey S-XXL,https://yang-jersey.x.yupoo.com/albums/182465134?uid=1&isSubCate=false&referrercate=3903592,,False,,6
182464960,Retro 2014 Netherlands home S-XXL,https://yang-jersey.x.yupoo.com/albums/182464960?uid=1&isSubCate=false&referrercate=3903592,,False,,6
182464866,Retro 2014 Netherlands away S-XXL,https://yang-jersey.x.yupoo.com/albums/182464866?uid=1&isSubCate=false&referrercate=3903592,,False,,6
182464756,Retro 2004 England home S-XXL,https://yang-jersey.x.yupoo.com/albums/182464756?uid=1&isSubCate=false&referrercate=3903592,,False,,6
182464464,2002/03 Manchester City away Retro Jersey S-XXL,https://yang-jersey.x.yupoo.com/albums/182464464?uid=1&isSubCate=false&referrercate=3903592,,False,,6
182464354,Retro 2006 Argentina home long sleeved S-XXL,https://yang-jersey.x.yupoo.com/albums/182464354?uid=1&isSubCate=false&referrercate=3903592,,False,,6
182464196,Retro 1994 Sweden home S-XXL,https://yang-jersey.x.yupoo.com/albums/182464196?uid=1&isSubCate=false&referrercate=3903592,,False,,6
182464146,Retro 1994 Sweden away S-XXL,https://yang-jersey.x.yupoo.com/albums/182464146?uid=1&isSubCate=false&referrercate=3903592,,False,,6
182464068,Retro 1994 Romania home S-XXL,https://yang-jersey.x.yupoo.com/albums/182464068?uid=1&isSubCate=false&referrercate=3903592,,False,,6
182463882,Retro 1994 PSV Eindhoven away S-XXL,https://yang-jersey.x.yupoo.com/albums/182463882?uid=1&isSubCate=false&referrercate=3903592,,False,,6
182463780,Retro 2004/05 Atletico Madrid home long sleeved S-XXL,https://yang-jersey.x.yupoo.com/albums/182463780?uid=1&isSubCate=false&referrercate=3903592,,False,,6
182463396,Retro 2010 Brazil home S-XXL,https://yang-jersey.x.yupoo.com/albums/182463396?uid=1&isSubCate=false&referrercate=3903592,,False,,6
182461628,Retro 1997/98 Inter Milan home long sleeved S-XXL,https://yang-jersey.x.yupoo.com/albums/182461628?uid=1&isSubCate=false&referrercate=3903592,,False,,6
182461586,Retro 1997/98 Inter Milan Second away long sleeved S-XXL,https://yang-jersey.x.yupoo.com/albums/182461586?uid=1&isSubCate=false&referrercate=3903592,,False,,6
182461356,Retro 1998/99 Real Madrid away S-XXL,https://yang-jersey.x.yupoo.com/albums/182461356?uid=1&isSubCate=false&referrercate=3903592,,False,,6
182461113,1998 Brazil home long sleeved Retro Jersey S-XXL,https://yang-jersey.x.yupoo.com/albums/182461113?uid=1&isSubCate=false&referrercate=3903592,,False,,6
182429395,Retro 2001/02 PSG home long sleeved S-XXL,https://yang-jersey.x.yupoo.com/albums/182429395?uid=1&isSubCate=false&referrercate=3903592,,False,,6
182429105,2008 Flamengo home red retro football jersey S-XXL,https://yang-jersey.x.yupoo.com/albums/182429105?uid=1&isSubCate=false&referrercate=3903592,,False,,6
182429022,Retro 2000/01 AC Milan Second away  S-XXL,https://yang-jersey.x.yupoo.com/albums/182429022?uid=1&isSubCate=false&referrercate=3903592,,False,,6
182428966,Retro 2018/19 Cruz Azul home S-XXL,https://yang-jersey.x.yupoo.com/albums/182428966?uid=1&isSubCate=false&referrercate=3903592,,False,,6
182428745,Retro 1994/95 Atletico Madrid home long sleeved S-XXL,https://yang-jersey.x.yupoo.com/albums/182428745?uid=1&isSubCate=false&referrercate=3903592,,False,,6
182428491,Retro 2004/05 Atletico Madrid away long sleeved S-XXL,https://yang-jersey.x.yupoo.com/albums/182428491?uid=1&isSubCate=false&referrercate=3903592,,False,,7
182427908,Retro 2007/08 Arsenal away S-XXL,https://yang-jersey.x.yupoo.com/albums/182427908?uid=1&isSubCate=false&referrercate=3903592,,False,,7
182427586,Retro 2019 Mexico home S-XXL,https://yang-jersey.x.yupoo.com/albums/182427586?uid=1&isSubCate=false&referrercate=3903592,,False,,7
182427555,Retro 2019 Mexico Home Long Sleeve S-XXL,https://yang-jersey.x.yupoo.com/albums/182427555?uid=1&isSubCate=false&referrercate=3903592,,False,,7
182427481,Retro 1990/92 Real Madrid home S-XXL,https://yang-jersey.x.yupoo.com/albums/182427481?uid=1&isSubCate=false&referrercate=3903592,,False,,7
180200642,Retro 2010/11 Real Madrid Home Long Sleeve Player Edition S-3XL,https://yang-jersey.x.yupoo.com/albums/180200642?uid=1&isSubCate=false&referrercate=3903592,,False,,7
180200304,Retro 2010/11 Real Madrid Home Short Sleeve Player Edition S-3XL,https://yang-jersey.x.yupoo.com/albums/180200304?uid=1&isSubCate=false&referrercate=3903592,,False,,7
173990436,Retro 1994 Spain away S-XXL,https://yang-jersey.x.yupoo.com/albums/173990436?uid=1&isSubCate=false&referrercate=3903592,,False,,7
173990206,Retro 1999 West Ham home S-XXL,https://yang-jersey.x.yupoo.com/albums/173990206?uid=1&isSubCate=false&referrercate=3903592,,False,,7
173989838,Retro 1999 West Ham away S-XXL,https://yang-jersey.x.yupoo.com/albums/173989838?uid=1&isSubCate=false&referrercate=3903592,,False,,7
173989383,2017/18 Bayern home Retro football jersey S-XXL,https://yang-jersey.x.yupoo.com/albums/173989383?uid=1&isSubCate=false&referrercate=3903592,,False,,7
173989113,Retro 2017/18 Real Madrid away long sleeved S-XXL,https://yang-jersey.x.yupoo.com/albums/173989113?uid=1&isSubCate=false&referrercate=3903592,,False,,7
173988799,Retro 2011/12 Arsenal away S-XXL,https://yang-jersey.x.yupoo.com/albums/173988799?uid=1&isSubCate=false&referrercate=3903592,,False,,7
173988598,Retro 1995/97 Tottenham Hotspur home S-XXL,https://yang-jersey.x.yupoo.com/albums/173988598?uid=1&isSubCate=false&referrercate=3903592,,False,,7
173988419,Retro 1999/00 Deportivo La Coruna away S-XXL,https://yang-jersey.x.yupoo.com/albums/173988419?uid=1&isSubCate=false&referrercate=3903592,,False,,7
173988326,Retro 2016/17 AC home S-XXL,https://yang-jersey.x.yupoo.com/albums/173988326?uid=1&isSubCate=false&referrercate=3903592,,False,,7
173988116,Retro 1995/97 Tottenham Hotspur  away S-XXL,https://yang-jersey.x.yupoo.com/albums/173988116?uid=1&isSubCate=false&referrercate=3903592,,False,,7
173987759,Retro 2013/14 Manchester City home S-XXL,https://yang-jersey.x.yupoo.com/albums/173987759?uid=1&isSubCate=false&referrercate=3903592,,False,,7
173987597,Retro 1991/92 Lazio home S-XXL,https://yang-jersey.x.yupoo.com/albums/173987597?uid=1&isSubCate=false&referrercate=3903592,,False,,7
173928416,Retro 1995/97 Bayern home S-XXL,https://yang-jersey.x.yupoo.com/albums/173928416?uid=1&isSubCate=false&referrercate=3903592,,False,,7
173928246,Retro 2014/15 Chelsea home S-XXL,https://yang-jersey.x.yupoo.com/albums/173928246?uid=1&isSubCate=false&referrercate=3903592,,False,,7
173927988,2000/01 Bayern home Retro football jersey S-XXL,https://yang-jersey.x.yupoo.com/albums/173927988?uid=1&isSubCate=false&referrercate=3903592,,False,,7
173927189,Retro 1994/95 Benfica home S-XXL,https://yang-jersey.x.yupoo.com/albums/173927189?uid=1&isSubCate=false&referrercate=3903592,,False,,7
173927123,1995/96 Olympique Lyonnais home Retro football jersey S-XXL,https://yang-jersey.x.yupoo.com/albums/173927123?uid=1&isSubCate=false&referrercate=3903592,,False,,7
173926268,Retro 2015/16 Leicester City  Home S-XXL,https://yang-jersey.x.yupoo.com/albums/173926268?uid=1&isSubCate=false&referrercate=3903592,,False,,7
173925691,1994/96 Coventry City home Retro football jersey S-XXL,https://yang-jersey.x.yupoo.com/albums/173925691?uid=1&isSubCate=false&referrercate=3903592,,False,,7
173925555,1997/98 Deportivo La Coruna home Retro football jersey S-XXL,https://yang-jersey.x.yupoo.com/albums/173925555?uid=1&isSubCate=false&referrercate=3903592,,False,,7
173860508,Retro 2015/16 AC Millan home S-XXL,https://yang-jersey.x.yupoo.com/albums/173860508?uid=1&isSubCate=false&referrercate=3903592,,False,,7
173860290,1999/00 AC Millan away Retro football jersey S-XXL,https://yang-jersey.x.yupoo.com/albums/173860290?uid=1&isSubCate=false&referrercate=3903592,,False,,7
173860136,Retro 1999 Boca  away S-XXL,https://yang-jersey.x.yupoo.com/albums/173860136?uid=1&isSubCate=false&referrercate=3903592,,False,,7
173859697,Retro 2014 Mexico Away  S-XXL,https://yang-jersey.x.yupoo.com/albums/173859697?uid=1&isSubCate=false&referrercate=3903592,,False,,7
173858392,Retro 2014 Argentina home S-XXL,https://yang-jersey.x.yupoo.com/albums/173858392?uid=1&isSubCate=false&referrercate=3903592,,False,,7
173858063,Retro 1996 Spain away S-XXL,https://yang-jersey.x.yupoo.com/albums/173858063?uid=1&isSubCate=false&referrercate=3903592,,False,,7
173857859,Retro 2011/12 Corinthians Home S-XXL,https://yang-jersey.x.yupoo.com/albums/173857859?uid=1&isSubCate=false&referrercate=3903592,,False,,7
171894917,2011/12 Real Madrid Home Retro Player Edition S-3XL,https://yang-jersey.x.yupoo.com/albums/171894917?uid=1&isSubCate=false&referrercate=3903592,,False,,7
171894947,24/25 Real Madrid away player version S-3XL,https://yang-jersey.x.yupoo.com/albums/171894947?uid=1&isSubCate=false&referrercate=3903592,,False,,7
171894873,2008/09 Barcelona Home Retro Player Edition S-3XL,https://yang-jersey.x.yupoo.com/albums/171894873?uid=1&isSubCate=false&referrercate=3903592,,False,,7
171894834,Retro 2014/15 Barcelona Home  Player Edition S-3XL,https://yang-jersey.x.yupoo.com/albums/171894834?uid=1&isSubCate=false&referrercate=3903592,,False,,7
171894720,2017/18 Real Madrid Home Long Sleeve Retro Player Edition S-3XL,https://yang-jersey.x.yupoo.com/albums/171894720?uid=1&isSubCate=false&referrercate=3903592,,False,,7
171894670,2017/18 Real Madrid Home Retro Player Edition S-3XL,https://yang-jersey.x.yupoo.com/albums/171894670?uid=1&isSubCate=false&referrercate=3903592,,False,,7
171894629,2017/18 Real Madrid Second Away Retro Player Edition S-3XL,https://yang-jersey.x.yupoo.com/albums/171894629?uid=1&isSubCate=false&referrercate=3903592,,False,,7
171894599,2017/18 Real Madrid Second Away Long Sleeve Retro Player Edition S-3XL,https://yang-jersey.x.yupoo.com/albums/171894599?uid=1&isSubCate=false&referrercate=3903592,,False,,7
168724519,Retro 1986 Germany home S-XXL,https://yang-jersey.x.yupoo.com/albums/168724519?uid=1&isSubCate=false&referrercate=3903592,,False,,7
168724310,1998 Germany home Vintage football jersey S-XXL,https://yang-jersey.x.yupoo.com/albums/168724310?uid=1&isSubCate=false&referrercate=3903592,,False,,7
168724056,Retro 2009/10 Flamengo home S-XXL,https://yang-jersey.x.yupoo.com/albums/168724056?uid=1&isSubCate=false&referrercate=3903592,,False,,7
168723654,Retro 1997/98 Newcastle United away S-XXL,https://yang-jersey.x.yupoo.com/albums/168723654?uid=1&isSubCate=false&referrercate=3903592,,False,,7
168723544,Retro 2000/01 Newcastle United away S-XXL,https://yang-jersey.x.yupoo.com/albums/168723544?uid=1&isSubCate=false&referrercate=3903592,,False,,7
168723255,1998/00 Bayern away Retro football jersey S-XXL,https://yang-jersey.x.yupoo.com/albums/168723255?uid=1&isSubCate=false&referrercate=3903592,,False,,7
166546145,2002/03 Inter Milan Home Retro football jersey S-XXL,https://yang-jersey.x.yupoo.com/albums/166546145?uid=1&isSubCate=false&referrercate=3903592,,False,,7
166544751,Retro 1999/00 Newcastle  Home S-XXL,https://yang-jersey.x.yupoo.com/albums/166544751?uid=1&isSubCate=false&referrercate=3903592,,False,,7
166544401,2008/09 Real Madrid away Retro football jersey S-XXL,https://yang-jersey.x.yupoo.com/albums/166544401?uid=1&isSubCate=false&referrercate=3903592,,False,,7
166543412,Retro 1999/01 West Ham United  Away  S-XXL,https://yang-jersey.x.yupoo.com/albums/166543412?uid=1&isSubCate=false&referrercate=3903592,,False,,7
166543214,Retro 1999/00 Lazio Home  S-XXL,https://yang-jersey.x.yupoo.com/albums/166543214?uid=1&isSubCate=false&referrercate=3903592,,False,,7
166334591,Retro 1996 Netherlands Home   S-XXL,https://yang-jersey.x.yupoo.com/albums/166334591?uid=1&isSubCate=false&referrercate=3903592,,False,,7
165328249,1996/98 Bayern away league version Retro football jersey S-XXL,https://yang-jersey.x.yupoo.com/albums/165328249?uid=1&isSubCate=false&referrercate=3903592,,False,,7
165326779,1992/94 Portugal Away Vintage football jersey S-XXL,https://yang-jersey.x.yupoo.com/albums/165326779?uid=1&isSubCate=false&referrercate=3903592,,False,,7
165326371,1992/94 Portugal Home Vintage football jersey S-XXL,https://yang-jersey.x.yupoo.com/albums/165326371?uid=1&isSubCate=false&referrercate=3903592,,False,,7
165326194,2006 Italy Home Vintage football jersey S-XXL,https://yang-jersey.x.yupoo.com/albums/165326194?uid=1&isSubCate=false&referrercate=3903592,,False,,7
165324939,2006 France Home Retro football jersey S-XXL,https://yang-jersey.x.yupoo.com/albums/165324939?uid=1&isSubCate=false&referrercate=3903592,,False,,7
165324567,1993/95 Bayern Home Retro football jersey S-XXL,https://yang-jersey.x.yupoo.com/albums/165324567?uid=1&isSubCate=false&referrercate=3903592,,False,,7
165324334,1992 England Second Away Retro football jersey S-XXL,https://yang-jersey.x.yupoo.com/albums/165324334?uid=1&isSubCate=false&referrercate=3903592,,False,,7
165324159,1992 England Away Retro football jersey S-XXL,https://yang-jersey.x.yupoo.com/albums/165324159?uid=1&isSubCate=false&referrercate=3903592,,False,,7
165323927,1992 England Home Retro football jersey S-XXL,https://yang-jersey.x.yupoo.com/albums/165323927?uid=1&isSubCate=false&referrercate=3903592,,False,,7
165323159,1993/95 Bayern away Retro football jersey S-XXL,https://yang-jersey.x.yupoo.com/albums/165323159?uid=1&isSubCate=false&referrercate=3903592,,False,,7
165316282,2012 Poland Home Retro football jersey S-XXL,https://yang-jersey.x.yupoo.com/albums/165316282?uid=1&isSubCate=false&referrercate=3903592,,False,,7
165314648,2002 Scotland Away Retro football jersey S-XXL,https://yang-jersey.x.yupoo.com/albums/165314648?uid=1&isSubCate=false&referrercate=3903592,,False,,7
165314050,1984 France Home Retro football jersey S-XXL,https://yang-jersey.x.yupoo.com/albums/165314050?uid=1&isSubCate=false&referrercate=3903592,,False,,7
165313259,2012/13 Scotland Home Retro football jersey S-XXL,https://yang-jersey.x.yupoo.com/albums/165313259?uid=1&isSubCate=false&referrercate=3903592,,False,,7
165312562,2010 Mexico Home Retro football jersey S-XXL,https://yang-jersey.x.yupoo.com/albums/165312562?uid=1&isSubCate=false&referrercate=3903592,,False,,7
165312186,2002/03 Retro Germany Home,https://yang-jersey.x.yupoo.com/albums/165312186?uid=1&isSubCate=false&referrercate=3903592,,False,,7
162265988,2008 Corinthians away Vintage football jersey S-XXL,https://yang-jersey.x.yupoo.com/albums/162265988?uid=1&isSubCate=false&referrercate=3903592,,False,,7
162260014,1998 Japan away Vintage football jersey S-XXL,https://yang-jersey.x.yupoo.com/albums/162260014?uid=1&isSubCate=false&referrercate=3903592,,False,,7
162259482,2010 Germany away Retro football jersey S-XXL,https://yang-jersey.x.yupoo.com/albums/162259482?uid=1&isSubCate=false&referrercate=3903592,,False,,7
161141776,2000 Netherlands Home Retro football jersey S-XXL,https://yang-jersey.x.yupoo.com/albums/161141776?uid=1&isSubCate=false&referrercate=3903592,,False,,7
161141555,Retro 2003/04 Barcelona away  S-XXL,https://yang-jersey.x.yupoo.com/albums/161141555?uid=1&isSubCate=false&referrercate=3903592,,False,,7
161141395,2007/08 Chelsea Home Retro football jersey S-XXL,https://yang-jersey.x.yupoo.com/albums/161141395?uid=1&isSubCate=false&referrercate=3903592,,False,,7
161140893,Retro 1982 England away   S-XXL,https://yang-jersey.x.yupoo.com/albums/161140893?uid=1&isSubCate=false&referrercate=3903592,,False,,7
161140811,Retro 1996 France Home   S-XXL,https://yang-jersey.x.yupoo.com/albums/161140811?uid=1&isSubCate=false&referrercate=3903592,,False,,7
161140766,2015/16 Leicester City away  Retro football jersey S-XXL,https://yang-jersey.x.yupoo.com/albums/161140766?uid=1&isSubCate=false&referrercate=3903592,,False,,7
161140283,2002 Netherlands Home Retro football jersey S-XXL,https://yang-jersey.x.yupoo.com/albums/161140283?uid=1&isSubCate=false&referrercate=3903592,,False,,7
161140156,Retro 2012 Spain Home  S-XXL,https://yang-jersey.x.yupoo.com/albums/161140156?uid=1&isSubCate=false&referrercate=3903592,,False,,7
161139089,Retro 1998 Portugal Home  S-XXL,https://yang-jersey.x.yupoo.com/albums/161139089?uid=1&isSubCate=false&referrercate=3903592,,False,,7
161137491,Retro 1999/00 Roma Away  S-XXL,https://yang-jersey.x.yupoo.com/albums/161137491?uid=1&isSubCate=false&referrercate=3903592,,False,,7
160930361,Retro 2001/02 Arsenal away  S-XXL,https://yang-jersey.x.yupoo.com/albums/160930361?uid=1&isSubCate=false&referrercate=3903592,,False,,7
160928965,1998/00 Chelsea away Retro football jersey S-XXL,https://yang-jersey.x.yupoo.com/albums/160928965?uid=1&isSubCate=false&referrercate=3903592,,False,,7
160928070,2003/04 Manchester United away Retro football jersey S-XXL,https://yang-jersey.x.yupoo.com/albums/160928070?uid=1&isSubCate=false&referrercate=3903592,,False,,7
160926713,Retro 1998/99 Roma Home  S-XXL,https://yang-jersey.x.yupoo.com/albums/160926713?uid=1&isSubCate=false&referrercate=3903592,,False,,7
160926291,Retro 1997/99 Arsenal away  S-XXL,https://yang-jersey.x.yupoo.com/albums/160926291?uid=1&isSubCate=false&referrercate=3903592,,False,,7
160925977,Retro 2000/02 AC Milan Home S-XXL,https://yang-jersey.x.yupoo.com/albums/160925977?uid=1&isSubCate=false&referrercate=3903592,,False,,7
160925537,2004/05 Inter Milan away Retro football jersey S-XXL,https://yang-jersey.x.yupoo.com/albums/160925537?uid=1&isSubCate=false&referrercate=3903592,,False,,7
160925006,1998/99 Inter Milan Second Away Retro football jersey S-XXL,https://yang-jersey.x.yupoo.com/albums/160925006?uid=1&isSubCate=false&referrercate=3903592,,False,,7
159545819,Retro 2004/05 Arsenal away  S-XXL,https://yang-jersey.x.yupoo.com/albums/159545819?uid=1&isSubCate=false&referrercate=3903592,,False,,7
159545584,1998 Japan  Goalkeeper Long Sleeves Retro football jersey S-XXL,https://yang-jersey.x.yupoo.com/albums/159545584?uid=1&isSubCate=false&referrercate=3903592,,False,,7
159545247,1996 Kedah Darul Aman Malaysia League Retro football jersey S-XXL,https://yang-jersey.x.yupoo.com/albums/159545247?uid=1&isSubCate=false&referrercate=3903592,,False,,7
159544940,Retro 2006 Portugal Home S-XXL,https://yang-jersey.x.yupoo.com/albums/159544940?uid=1&isSubCate=false&referrercate=3903592,,False,,7
159544827,1997/99 Celtic Home Retro football jersey  S-XXL,https://yang-jersey.x.yupoo.com/albums/159544827?uid=1&isSubCate=false&referrercate=3903592,,False,,7
159544348,Retro 1996/97 Arsenal Home  S-XXL,https://yang-jersey.x.yupoo.com/albums/159544348?uid=1&isSubCate=false&referrercate=3903592,,False,,7
159543896,2016/17  Monaco Home Champions League Edition Retro football jersey S-XXL,https://yang-jersey.x.yupoo.com/albums/159543896?uid=1&isSubCate=false&referrercate=3903592,,False,,7
159449663,Retro 1998/99 Barcelona Home  S-XXL,https://yang-jersey.x.yupoo.com/albums/159449663?uid=1&isSubCate=false&referrercate=3903592,,False,,7
159449146,2009/10 Tottenham Hotspur Home Retro football jersey  S-XXL,https://yang-jersey.x.yupoo.com/albums/159449146?uid=1&isSubCate=false&referrercate=3903592,,False,,7
159448648,Retro 1998 Arsenal Home Long Sleeves   S-XXL,https://yang-jersey.x.yupoo.com/albums/159448648?uid=1&isSubCate=false&referrercate=3903592,,False,,7
152523608,1998 Italy away Retro football jersey S-XXL,https://yang-jersey.x.yupoo.com/albums/152523608?uid=1&isSubCate=false&referrercate=3903592,,False,,7
139768394,Retro 2013/14 Real Madrid Second Away Long Sleeve S-XXL,https://yang-jersey.x.yupoo.com/albums/139768394?uid=1&isSubCate=false&referrercate=3903592,,False,,7
139768364,Retro 2013/14 Real Madrid Second Away S-XXL,https://yang-jersey.x.yupoo.com/albums/139768364?uid=1&isSubCate=false&referrercate=3903592,,False,,7
139767040,15/16 Real Madrid Home,https://yang-jersey.x.yupoo.com/albums/139767040?uid=1&isSubCate=false&referrercate=3903592,,False,,7
139766971,11/12 Real Madrid Home,https://yang-jersey.x.yupoo.com/albums/139766971?uid=1&isSubCate=false&referrercate=3903592,,False,,7
137152932,1999 Palmeiras Libertadores Cup champion retro jersey,https://yang-jersey.x.yupoo.com/albums/137152932?uid=1&isSubCate=false&referrercate=3903592,,False,,7
137152978,Retro 1997/98 Manchester City away  S-XXL,https://yang-jersey.x.yupoo.com/albums/137152978?uid=1&isSubCate=false&referrercate=3903592,,False,,7
137152800,Retro 2010  Mexico away   S-XXL,https://yang-jersey.x.yupoo.com/albums/137152800?uid=1&isSubCate=false&referrercate=3903592,,False,,7
137151765,2011/12 Corinthians Second away Retro football jersey S-XXL,https://yang-jersey.x.yupoo.com/albums/137151765?uid=1&isSubCate=false&referrercate=3903592,,False,,7
137151642,Retro 2009/10  AC Milan away  S-XXL,https://yang-jersey.x.yupoo.com/albums/137151642?uid=1&isSubCate=false&referrercate=3903592,,False,,7
137151542,1993/95 Bordeaux Home Retro football jersey S-XXL,https://yang-jersey.x.yupoo.com/albums/137151542?uid=1&isSubCate=false&referrercate=3903592,,False,,7
137151218,2011/12 Real Madrid Black Goalkeeper Retro football jersey S-XXL,https://yang-jersey.x.yupoo.com/albums/137151218?uid=1&isSubCate=false&referrercate=3903592,,False,,7
137151159,2011/12 Real Madrid Yellow Goalkeeper Retro football jersey S-XXL,https://yang-jersey.x.yupoo.com/albums/137151159?uid=1&isSubCate=false&referrercate=3903592,,False,,7
137150830,Retro 2008/09 Barcelona Home    S-XXL,https://yang-jersey.x.yupoo.com/albums/137150830?uid=1&isSubCate=false&referrercate=3903592,,False,,7
137150683,Retro 2002/04 Manchester United Home Long Sleeve  S-XXL,https://yang-jersey.x.yupoo.com/albums/137150683?uid=1&isSubCate=false&referrercate=3903592,,False,,7
137150569,Retro 2002/04 Manchester United Home  S-XXL,https://yang-jersey.x.yupoo.com/albums/137150569?uid=1&isSubCate=false&referrercate=3903592,,False,,7
137150457,Retro 2000/01 Flamengo home Yupoo Soccer Jerseys S-XXL,https://yang-jersey.x.yupoo.com/albums/137150457?uid=1&isSubCate=false&referrercate=3903592,,False,,7
137149489,2006/07 Real Madrid second away Long sleeved Retro football jersey  S-XXL,https://yang-jersey.x.yupoo.com/albums/137149489?uid=1&isSubCate=false&referrercate=3903592,,False,,7
137148590,2006/07 Real Madrid Second Away Retro football jersey  S-XXL,https://yang-jersey.x.yupoo.com/albums/137148590?uid=1&isSubCate=false&referrercate=3903592,,False,,7
135855417,14/15 Barcelona Home,https://yang-jersey.x.yupoo.com/albums/135855417?uid=1&isSubCate=false&referrercate=3903592,,False,,8
135855318,16/17 Real Madrid away,https://yang-jersey.x.yupoo.com/albums/135855318?uid=1&isSubCate=false&referrercate=3903592,,False,,8
135855062,17/18 Real Madrid Home Long Sleeve,https://yang-jersey.x.yupoo.com/albums/135855062?uid=1&isSubCate=false&referrercate=3903592,,False,,8
135848612,19/20 Flamengo Home,https://yang-jersey.x.yupoo.com/albums/135848612?uid=1&isSubCate=false&referrercate=3903592,,False,,8
135848560,19/20 Flamenco away,https://yang-jersey.x.yupoo.com/albums/135848560?uid=1&isSubCate=false&referrercate=3903592,,False,,8
135848508,19/20 AC Milan Second Away,https://yang-jersey.x.yupoo.com/albums/135848508?uid=1&isSubCate=false&referrercate=3903592,,False,,8
135848432,19/20 AC Milan Home,https://yang-jersey.x.yupoo.com/albums/135848432?uid=1&isSubCate=false&referrercate=3903592,,False,,8
135848383,19/20 Tottenham Hotspur Home,https://yang-jersey.x.yupoo.com/albums/135848383?uid=1&isSubCate=false&referrercate=3903592,,False,,8
135848304,19/20 Tottenham Hotspur away,https://yang-jersey.x.yupoo.com/albums/135848304?uid=1&isSubCate=false&referrercate=3903592,,False,,8
135848238,19/20 Tottenham Hotspur Second Away,https://yang-jersey.x.yupoo.com/albums/135848238?uid=1&isSubCate=false&referrercate=3903592,,False,,8
135848176,19/20 Inter Milan Home,https://yang-jersey.x.yupoo.com/albums/135848176?uid=1&isSubCate=false&referrercate=3903592,,False,,8
135848065,19/20 Inter Milan away,https://yang-jersey.x.yupoo.com/albums/135848065?uid=1&isSubCate=false&referrercate=3903592,,False,,8
135848001,19/20 Inter Milan Second Away,https://yang-jersey.x.yupoo.com/albums/135848001?uid=1&isSubCate=false&referrercate=3903592,,False,,8
135847859,19/20 Manchester City Second Away,https://yang-jersey.x.yupoo.com/albums/135847859?uid=1&isSubCate=false&referrercate=3903592,,False,,8
135847758,19/20 Manchester City away,https://yang-jersey.x.yupoo.com/albums/135847758?uid=1&isSubCate=false&referrercate=3903592,,False,,8
135847675,19/20 Manchester City Home,https://yang-jersey.x.yupoo.com/albums/135847675?uid=1&isSubCate=false&referrercate=3903592,,False,,8
135847566,19/20 Real Madrid away,https://yang-jersey.x.yupoo.com/albums/135847566?uid=1&isSubCate=false&referrercate=3903592,,False,,8
135847506,19/20 Real Madrid Home,https://yang-jersey.x.yupoo.com/albums/135847506?uid=1&isSubCate=false&referrercate=3903592,,False,,8
135847406,19/20 Chelsea  Second away,https://yang-jersey.x.yupoo.com/albums/135847406?uid=1&isSubCate=false&referrercate=3903592,,False,,8
135847332,19/20 Chelsea Home,https://yang-jersey.x.yupoo.com/albums/135847332?uid=1&isSubCate=false&referrercate=3903592,,False,,8
135847203,19/20 Chelsea away,https://yang-jersey.x.yupoo.com/albums/135847203?uid=1&isSubCate=false&referrercate=3903592,,False,,8
135847167,19/20 Ajax Home,https://yang-jersey.x.yupoo.com/albums/135847167?uid=1&isSubCate=false&referrercate=3903592,,False,,8
135847075,19/20 Ajax away,https://yang-jersey.x.yupoo.com/albums/135847075?uid=1&isSubCate=false&referrercate=3903592,,False,,8
135847010,19/20 Bayern away,https://yang-jersey.x.yupoo.com/albums/135847010?uid=1&isSubCate=false&referrercate=3903592,,False,,8
135846875,19/20 Bayern  Home,https://yang-jersey.x.yupoo.com/albums/135846875?uid=1&isSubCate=false&referrercate=3903592,,False,,8
135846799,19/20 Bayern Second away,https://yang-jersey.x.yupoo.com/albums/135846799?uid=1&isSubCate=false&referrercate=3903592,,False,,8
135846749,19/20 Manchester United away,https://yang-jersey.x.yupoo.com/albums/135846749?uid=1&isSubCate=false&referrercate=3903592,,False,,8
135846455,19/20 Manchester United  Second away,https://yang-jersey.x.yupoo.com/albums/135846455?uid=1&isSubCate=false&referrercate=3903592,,False,,8
135846388,19/20 Manchester United Home,https://yang-jersey.x.yupoo.com/albums/135846388?uid=1&isSubCate=false&referrercate=3903592,,False,,8
135846341,19/20 Arsenal away,https://yang-jersey.x.yupoo.com/albums/135846341?uid=1&isSubCate=false&referrercate=3903592,,False,,8
135846158,19/20 Arsenal Second Away,https://yang-jersey.x.yupoo.com/albums/135846158?uid=1&isSubCate=false&referrercate=3903592,,False,,8
135846109,19/20 Dortmund Home,https://yang-jersey.x.yupoo.com/albums/135846109?uid=1&isSubCate=false&referrercate=3903592,,False,,8
135846009,19/20 Atletico Madrid away,https://yang-jersey.x.yupoo.com/albums/135846009?uid=1&isSubCate=false&referrercate=3903592,,False,,8
135845898,19/20 PSG Second Away,https://yang-jersey.x.yupoo.com/albums/135845898?uid=1&isSubCate=false&referrercate=3903592,,False,,8
135845563,19/20 PSG Jordan's Third Away,https://yang-jersey.x.yupoo.com/albums/135845563?uid=1&isSubCate=false&referrercate=3903592,,False,,8
135845470,19/20 PSG away,https://yang-jersey.x.yupoo.com/albums/135845470?uid=1&isSubCate=false&referrercate=3903592,,False,,8
135845356,19/20 PSG Home,https://yang-jersey.x.yupoo.com/albums/135845356?uid=1&isSubCate=false&referrercate=3903592,,False,,8
135844436,19/20 Roma away,https://yang-jersey.x.yupoo.com/albums/135844436?uid=1&isSubCate=false&referrercate=3903592,,False,,8
135844372,19/20 Roma Home,https://yang-jersey.x.yupoo.com/albums/135844372?uid=1&isSubCate=false&referrercate=3903592,,False,,8
135844305,19/20 Roma Second Away,https://yang-jersey.x.yupoo.com/albums/135844305?uid=1&isSubCate=false&referrercate=3903592,,False,,8
135844243,19/20 Barcelona Home,https://yang-jersey.x.yupoo.com/albums/135844243?uid=1&isSubCate=false&referrercate=3903592,,False,,8
135844059,19/20 Barcelona Second Away,https://yang-jersey.x.yupoo.com/albums/135844059?uid=1&isSubCate=false&referrercate=3903592,,False,,8
135843990,19/20 Barcelona Third Away,https://yang-jersey.x.yupoo.com/albums/135843990?uid=1&isSubCate=false&referrercate=3903592,,False,,8
135795103,2020 Mexico Home,https://yang-jersey.x.yupoo.com/albums/135795103?uid=1&isSubCate=false&referrercate=3903592,,False,,8
135795079,2020 Mexico away,https://yang-jersey.x.yupoo.com/albums/135795079?uid=1&isSubCate=false&referrercate=3903592,,False,,8
135794995,2020 Netherlands away,https://yang-jersey.x.yupoo.com/albums/135794995?uid=1&isSubCate=false&referrercate=3903592,,False,,8
135794969,2020 2020 Netherlands Home,https://yang-jersey.x.yupoo.com/albums/135794969?uid=1&isSubCate=false&referrercate=3903592,,False,,8
135794948,2020 Belgium Home,https://yang-jersey.x.yupoo.com/albums/135794948?uid=1&isSubCate=false&referrercate=3903592,,False,,8
135794933,2020 Belgium away,https://yang-jersey.x.yupoo.com/albums/135794933?uid=1&isSubCate=false&referrercate=3903592,,False,,8
135794911,2020 Germany away,https://yang-jersey.x.yupoo.com/albums/135794911?uid=1&isSubCate=false&referrercate=3903592,,False,,8
135794895,2020 Germany Home,https://yang-jersey.x.yupoo.com/albums/135794895?uid=1&isSubCate=false&referrercate=3903592,,False,,8
135794872,2020 Argentina Home,https://yang-jersey.x.yupoo.com/albums/135794872?uid=1&isSubCate=false&referrercate=3903592,,False,,8
135794619,2020 Argentina away,https://yang-jersey.x.yupoo.com/albums/135794619?uid=1&isSubCate=false&referrercate=3903592,,False,,8
135794600,2020 France Home,https://yang-jersey.x.yupoo.com/albums/135794600?uid=1&isSubCate=false&referrercate=3903592,,False,,8
135794578,2020 France away,https://yang-jersey.x.yupoo.com/albums/135794578?uid=1&isSubCate=false&referrercate=3903592,,False,,8
135794551,2020 Portugal Home,https://yang-jersey.x.yupoo.com/albums/135794551?uid=1&isSubCate=false&referrercate=3903592,,False,,8
135794515,2020 Portugal away,https://yang-jersey.x.yupoo.com/albums/135794515?uid=1&isSubCate=false&referrercate=3903592,,False,,8
135794437,2020 China Home,https://yang-jersey.x.yupoo.com/albums/135794437?uid=1&isSubCate=false&referrercate=3903592,,False,,8
135794393,2020 China away,https://yang-jersey.x.yupoo.com/albums/135794393?uid=1&isSubCate=false&referrercate=3903592,,False,,8
135794322,2020 Croatia Home,https://yang-jersey.x.yupoo.com/albums/135794322?uid=1&isSubCate=false&referrercate=3903592,,False,,8
135794225,2020 Croatia away,https://yang-jersey.x.yupoo.com/albums/135794225?uid=1&isSubCate=false&referrercate=3903592,,False,,8
135794113,2020 England Home,https://yang-jersey.x.yupoo.com/albums/135794113?uid=1&isSubCate=false&referrercate=3903592,,False,,8
135794055,2020 England away,https://yang-jersey.x.yupoo.com/albums/135794055?uid=1&isSubCate=false&referrercate=3903592,,False,,8
135793834,2020 Italy Home,https://yang-jersey.x.yupoo.com/albums/135793834?uid=1&isSubCate=false&referrercate=3903592,,False,,8
135793720,2020 Italy away,https://yang-jersey.x.yupoo.com/albums/135793720?uid=1&isSubCate=false&referrercate=3903592,,False,,8
135793618,2020 Italy Second Away,https://yang-jersey.x.yupoo.com/albums/135793618?uid=1&isSubCate=false&referrercate=3903592,,False,,8
135793572,2020 Sweden Home,https://yang-jersey.x.yupoo.com/albums/135793572?uid=1&isSubCate=false&referrercate=3903592,,False,,8
135793448,2020 Russia Home,https://yang-jersey.x.yupoo.com/albums/135793448?uid=1&isSubCate=false&referrercate=3903592,,False,,8
135793316,2020 Spain away,https://yang-jersey.x.yupoo.com/albums/135793316?uid=1&isSubCate=false&referrercate=3903592,,False,,8
135793230,2020 Spain Home,https://yang-jersey.x.yupoo.com/albums/135793230?uid=1&isSubCate=false&referrercate=3903592,,False,,8
135792818,2019 Mexico Home,https://yang-jersey.x.yupoo.com/albums/135792818?uid=1&isSubCate=false&referrercate=3903592,,False,,8
135792798,2019 Argentina Home,https://yang-jersey.x.yupoo.com/albums/135792798?uid=1&isSubCate=false&referrercate=3903592,,False,,8
135792779,2019 Brazil away,https://yang-jersey.x.yupoo.com/albums/135792779?uid=1&isSubCate=false&referrercate=3903592,,False,,8
135792648,2018 France Home,https://yang-jersey.x.yupoo.com/albums/135792648?uid=1&isSubCate=false&referrercate=3903592,,False,,8
135792630,2018 Germany Home,https://yang-jersey.x.yupoo.com/albums/135792630?uid=1&isSubCate=false&referrercate=3903592,,False,,8
135792613,2018 Argentina Home,https://yang-jersey.x.yupoo.com/albums/135792613?uid=1&isSubCate=false&referrercate=3903592,,False,,8
135792579,2018 China away,https://yang-jersey.x.yupoo.com/albums/135792579?uid=1&isSubCate=false&referrercate=3903592,,False,,8
135792532,2018 Japan Home,https://yang-jersey.x.yupoo.com/albums/135792532?uid=1&isSubCate=false&referrercate=3903592,,False,,8
135792473,2018 Portugal Home,https://yang-jersey.x.yupoo.com/albums/135792473?uid=1&isSubCate=false&referrercate=3903592,,False,,8
135798992,18/19 FC Barcelona Home,https://yang-jersey.x.yupoo.com/albums/135798992?uid=1&isSubCate=false&referrercate=3903592,,False,,8
135798914,18/19 Barcelona Second away,https://yang-jersey.x.yupoo.com/albums/135798914?uid=1&isSubCate=false&referrercate=3903592,,False,,8
135798875,18/19 Manchester United away,https://yang-jersey.x.yupoo.com/albums/135798875?uid=1&isSubCate=false&referrercate=3903592,,False,,8
135798841,18/19 Tottenham Hotspur Second Away,https://yang-jersey.x.yupoo.com/albums/135798841?uid=1&isSubCate=false&referrercate=3903592,,False,,8
135798796,18/19 Tottenham Hotspur Home,https://yang-jersey.x.yupoo.com/albums/135798796?uid=1&isSubCate=false&referrercate=3903592,,False,,8
135798746,18/19 PSG Jordan's First Co branded Black,https://yang-jersey.x.yupoo.com/albums/135798746?uid=1&isSubCate=false&referrercate=3903592,,False,,8
135798696,18/19 PSG Jordan's First Co branded White,https://yang-jersey.x.yupoo.com/albums/135798696?uid=1&isSubCate=false&referrercate=3903592,,False,,8
135798567,18/19 Real Madrid Home,https://yang-jersey.x.yupoo.com/albums/135798567?uid=1&isSubCate=false&referrercate=3903592,,False,,8
135798320,18/19 Bayern away,https://yang-jersey.x.yupoo.com/albums/135798320?uid=1&isSubCate=false&referrercate=3903592,,False,,8
135795291,17/18 Real Madrid away,https://yang-jersey.x.yupoo.com/albums/135795291?uid=1&isSubCate=false&referrercate=3903592,,False,,8
135795270,17/18 Real Madrid Home,https://yang-jersey.x.yupoo.com/albums/135795270?uid=1&isSubCate=false&referrercate=3903592,,False,,8
133564829,1990/92 Wales Home Retro football jersey S-XXL,https://yang-jersey.x.yupoo.com/albums/133564829?uid=1&isSubCate=false&referrercate=3903592,,False,,8
133564736,1992/94 Wales Home Retro football jersey  S-XXL,https://yang-jersey.x.yupoo.com/albums/133564736?uid=1&isSubCate=false&referrercate=3903592,,False,,8
133564651,Retro 1988 Netherlands away  S-XXL,https://yang-jersey.x.yupoo.com/albums/133564651?uid=1&isSubCate=false&referrercate=3903592,,False,,8
133483776,Retro 2000/02 Manchester United Home  S-XXL,https://yang-jersey.x.yupoo.com/albums/133483776?uid=1&isSubCate=false&referrercate=3903592,,False,,8
133483731,1990/92 Wales away Vintage football jersey S-XXL,https://yang-jersey.x.yupoo.com/albums/133483731?uid=1&isSubCate=false&referrercate=3903592,,False,,8
133482015,Retro 2012/13 Chelsea Home  S-XXL,https://yang-jersey.x.yupoo.com/albums/133482015?uid=1&isSubCate=false&referrercate=3903592,,False,,8
133481747,1994/95 Wales away Vintage football jersey S-XXL,https://yang-jersey.x.yupoo.com/albums/133481747?uid=1&isSubCate=false&referrercate=3903592,,False,,8
133481687,1990/92 Arsenal Home Vintage football jersey S-XXL,https://yang-jersey.x.yupoo.com/albums/133481687?uid=1&isSubCate=false&referrercate=3903592,,False,,8
133480939,Retro 1993/94 Rangers away S-XXL,https://yang-jersey.x.yupoo.com/albums/133480939?uid=1&isSubCate=false&referrercate=3903592,,False,,8
133480309,1994/95 Glasgow Rangers Second Away Vintage football jersey S-XXL,https://yang-jersey.x.yupoo.com/albums/133480309?uid=1&isSubCate=false&referrercate=3903592,,False,,8
133480218,2008/09 Rangers Home Vintage football jersey S-XXL,https://yang-jersey.x.yupoo.com/albums/133480218?uid=1&isSubCate=false&referrercate=3903592,,False,,8
133480026,1994/95 Tottenham away Vintage football jersey  S-XXL,https://yang-jersey.x.yupoo.com/albums/133480026?uid=1&isSubCate=false&referrercate=3903592,,False,,8
133479964,Retro 1988 Netherlands Home   S-XXL,https://yang-jersey.x.yupoo.com/albums/133479964?uid=1&isSubCate=false&referrercate=3903592,,False,,8
133479910,Retro 1992/93 Celtic away  S-XXL,https://yang-jersey.x.yupoo.com/albums/133479910?uid=1&isSubCate=false&referrercate=3903592,,False,,8
133479747,1983/86 Arsenal away Retro jersey S-XXL,https://yang-jersey.x.yupoo.com/albums/133479747?uid=1&isSubCate=false&referrercate=3903592,,False,,8
133479570,Retro 1991/92 Barcelona away   S-XXL,https://yang-jersey.x.yupoo.com/albums/133479570?uid=1&isSubCate=false&referrercate=3903592,,False,,8
133479424,Retro 1996 England away S-XXL,https://yang-jersey.x.yupoo.com/albums/133479424?uid=1&isSubCate=false&referrercate=3903592,,False,,8
133479342,Retro 1998 England home jersey S-XXL,https://yang-jersey.x.yupoo.com/albums/133479342?uid=1&isSubCate=false&referrercate=3903592,,False,,8
133478613,Retro 1991/93 Brazil Home  S-XXL,https://yang-jersey.x.yupoo.com/albums/133478613?uid=1&isSubCate=false&referrercate=3903592,,False,,8
133478529,Retro 2002 Brazil Home S-XXL,https://yang-jersey.x.yupoo.com/albums/133478529?uid=1&isSubCate=false&referrercate=3903592,,False,,8
133478413,Retro 1993/94 Brazil Home  S-XXL,https://yang-jersey.x.yupoo.com/albums/133478413?uid=1&isSubCate=false&referrercate=3903592,,False,,8
133477651,Retro 1998 Brazil Home  S-XXL,https://yang-jersey.x.yupoo.com/albums/133477651?uid=1&isSubCate=false&referrercate=3903592,,False,,8
133472724,Retro 2009/10 AC Milan Home Long sleeved S-XXL,https://yang-jersey.x.yupoo.com/albums/133472724?uid=1&isSubCate=false&referrercate=3903592,,False,,8
133472115,1988 East Germany Home Long sleeved Vintage football jersey S-XXL,https://yang-jersey.x.yupoo.com/albums/133472115?uid=1&isSubCate=false&referrercate=3903592,,False,,8
133471997,Retro 2006/07 AC Milan Home Long sleeved  S-XXL,https://yang-jersey.x.yupoo.com/albums/133471997?uid=1&isSubCate=false&referrercate=3903592,,False,,8
133471907,Retro 1996 England Home Long sleeved  S-XXL,https://yang-jersey.x.yupoo.com/albums/133471907?uid=1&isSubCate=false&referrercate=3903592,,False,,8
133471844,Retro 2006/07 AC Milan Away Long sleeved S-XXL,https://yang-jersey.x.yupoo.com/albums/133471844?uid=1&isSubCate=false&referrercate=3903592,,False,,8
133471427,2011/12 Real Madrid Home Long sleeved Vintage football jersey  S-XXL,https://yang-jersey.x.yupoo.com/albums/133471427?uid=1&isSubCate=false&referrercate=3903592,,False,,8
133471363,Retro 1992/94 Manchester United Second away Long Sleeve S-XXL,https://yang-jersey.x.yupoo.com/albums/133471363?uid=1&isSubCate=false&referrercate=3903592,,False,,8
133471252,Retro 1999/00 Manchester United Home Long sleeved  S-XXL,https://yang-jersey.x.yupoo.com/albums/133471252?uid=1&isSubCate=false&referrercate=3903592,,False,,8
133471168,Retro 1998 France  Home Long-sleeved Shirt S-XXL,https://yang-jersey.x.yupoo.com/albums/133471168?uid=1&isSubCate=false&referrercate=3903592,,False,,9
133470374,Retro 1998 Japan home long sleeved S-XXL,https://yang-jersey.x.yupoo.com/albums/133470374?uid=1&isSubCate=false&referrercate=3903592,,False,,9
133470280,Retro 1991/93 Arsenal away long sleeved S-XXL,https://yang-jersey.x.yupoo.com/albums/133470280?uid=1&isSubCate=false&referrercate=3903592,,False,,9
133469802,2008/09 Manchester United  Second away Long sleeved vintage jersey S-XXL,https://yang-jersey.x.yupoo.com/albums/133469802?uid=1&isSubCate=false&referrercate=3903592,,False,,9
133469452,Retro  2012 Portugal away long-sleeved shirt S-XXL,https://yang-jersey.x.yupoo.com/albums/133469452?uid=1&isSubCate=false&referrercate=3903592,,False,,9
133427655,1996/97 Manchester United Home Retro jersey S-XXL,https://yang-jersey.x.yupoo.com/albums/133427655?uid=1&isSubCate=false&referrercate=3903592,,False,,9
133427476,Retro 1995/96 Arsenal away S-XXL,https://yang-jersey.x.yupoo.com/albums/133427476?uid=1&isSubCate=false&referrercate=3903592,,False,,9
133427213,2006/07 Manchester United Home Retro jersey S-XXL,https://yang-jersey.x.yupoo.com/albums/133427213?uid=1&isSubCate=false&referrercate=3903592,,False,,9
133427002,Retro 2020 Brazil Fluorescent Green Training Kit  S-XXL,https://yang-jersey.x.yupoo.com/albums/133427002?uid=1&isSubCate=false&referrercate=3903592,,False,,9
133426882,Retro 2020 Brazil Blue Training Jersey  S-XXL,https://yang-jersey.x.yupoo.com/albums/133426882?uid=1&isSubCate=false&referrercate=3903592,,False,,9
133426746,Retro 1987/88 Celtic Home  S-XXL,https://yang-jersey.x.yupoo.com/albums/133426746?uid=1&isSubCate=false&referrercate=3903592,,False,,9
133426181,1992/94 Tottenham away Retro football jersey S-XXL,https://yang-jersey.x.yupoo.com/albums/133426181?uid=1&isSubCate=false&referrercate=3903592,,False,,9
133422244,Retro 1989/91 Celtic Home S-XXL,https://yang-jersey.x.yupoo.com/albums/133422244?uid=1&isSubCate=false&referrercate=3903592,,False,,9
133421842,Retro 1984/86 Celtic Home  S-XXL,https://yang-jersey.x.yupoo.com/albums/133421842?uid=1&isSubCate=false&referrercate=3903592,,False,,9
133421393,Retro 2011/12 Chelsea Home S-XXL,https://yang-jersey.x.yupoo.com/albums/133421393?uid=1&isSubCate=false&referrercate=3903592,,False,,9
133344650,2015/16 Real Madrid away Retro jersey S-XXL,https://yang-jersey.x.yupoo.com/albums/133344650?uid=1&isSubCate=false&referrercate=3903592,,False,,9
133344504,2011/12 Real Madrid Second Away Retro jersey S-XXL,https://yang-jersey.x.yupoo.com/albums/133344504?uid=1&isSubCate=false&referrercate=3903592,,False,,9
133344452,2011/12  Real Madrid Second Away Long sleeved Retro jersey  S-XXL,https://yang-jersey.x.yupoo.com/albums/133344452?uid=1&isSubCate=false&referrercate=3903592,,False,,9
133343999,1995/96 Manchester United away retro football jersey S-XXL,https://yang-jersey.x.yupoo.com/albums/133343999?uid=1&isSubCate=false&referrercate=3903592,,False,,9
133343682,1992/94 Manchester United Home Retro jersey S-XXL,https://yang-jersey.x.yupoo.com/albums/133343682?uid=1&isSubCate=false&referrercate=3903592,,False,,9
133343566,2000/01 Lazio away Retro jersey  S-XXL,https://yang-jersey.x.yupoo.com/albums/133343566?uid=1&isSubCate=false&referrercate=3903592,,False,,9
133343302,Retro 1999/00 Manchester United Home  S-XXL,https://yang-jersey.x.yupoo.com/albums/133343302?uid=1&isSubCate=false&referrercate=3903592,,False,,9
133343227,1996/98 Manchester United  Second away vintage jersey S-XXL,https://yang-jersey.x.yupoo.com/albums/133343227?uid=1&isSubCate=false&referrercate=3903592,,False,,9
133343009,1994/96 Manchester United Second away vintage jersey S-XXL,https://yang-jersey.x.yupoo.com/albums/133343009?uid=1&isSubCate=false&referrercate=3903592,,False,,9
133342902,1992/93 Manchester United away vintage jersey S-XXL,https://yang-jersey.x.yupoo.com/albums/133342902?uid=1&isSubCate=false&referrercate=3903592,,False,,9
133342568,1991 Manchester United away Retro football jersey S-XXL,https://yang-jersey.x.yupoo.com/albums/133342568?uid=1&isSubCate=false&referrercate=3903592,,False,,9
133342135,1988/90 Manchester United  Second away Retro football jersey S-XXL,https://yang-jersey.x.yupoo.com/albums/133342135?uid=1&isSubCate=false&referrercate=3903592,,False,,9
133342022,1988/90 Manchester United away Retro football jersey S-XXL,https://yang-jersey.x.yupoo.com/albums/133342022?uid=1&isSubCate=false&referrercate=3903592,,False,,9
133341914,1988/90 Manchester United Home Retro football jersey S-XXL,https://yang-jersey.x.yupoo.com/albums/133341914?uid=1&isSubCate=false&referrercate=3903592,,False,,9
133341823,1986/88 Manchester United  Second away Retro football jersey  S-XXL,https://yang-jersey.x.yupoo.com/albums/133341823?uid=1&isSubCate=false&referrercate=3903592,,False,,9
133341617,1986/88 Manchester United away Vintage football jersey S-XXL S-XXL,https://yang-jersey.x.yupoo.com/albums/133341617?uid=1&isSubCate=false&referrercate=3903592,,False,,9
133341510,1986/88 Manchester United Home Vintage football jersey S-XXL,https://yang-jersey.x.yupoo.com/albums/133341510?uid=1&isSubCate=false&referrercate=3903592,,False,,9
133262839,1994  Scotland away Vintage football jersey S-XXL,https://yang-jersey.x.yupoo.com/albums/133262839?uid=1&isSubCate=false&referrercate=3903592,,False,,9
133262676,1994/96 Scotland Home Retro football jersey  S-XXL,https://yang-jersey.x.yupoo.com/albums/133262676?uid=1&isSubCate=false&referrercate=3903592,,False,,9
133262569,1988/91 Scotland away Vintage football jersey S-XXL,https://yang-jersey.x.yupoo.com/albums/133262569?uid=1&isSubCate=false&referrercate=3903592,,False,,9
133262472,1988/89 Scotland away Retro football jersey S-XXL,https://yang-jersey.x.yupoo.com/albums/133262472?uid=1&isSubCate=false&referrercate=3903592,,False,,9
133262295,2002 Scotland Home Retro football jersey S-XXL,https://yang-jersey.x.yupoo.com/albums/133262295?uid=1&isSubCate=false&referrercate=3903592,,False,,9
133262193,1998/00 Scotland Home Retro football jersey S-XXL,https://yang-jersey.x.yupoo.com/albums/133262193?uid=1&isSubCate=false&referrercate=3903592,,False,,9
133262046,1996/98 Scotland Home Retro football jersey S-XXL,https://yang-jersey.x.yupoo.com/albums/133262046?uid=1&isSubCate=false&referrercate=3903592,,False,,9
133261893,1994/96 Scotland away Retro football jersey S-XXL,https://yang-jersey.x.yupoo.com/albums/133261893?uid=1&isSubCate=false&referrercate=3903592,,False,,9
133261527,1987/88 Scotland Home Retro football jersey S-XXL,https://yang-jersey.x.yupoo.com/albums/133261527?uid=1&isSubCate=false&referrercate=3903592,,False,,9
133261746,1992/93 Scotland Home Retro football jersey S-XXL,https://yang-jersey.x.yupoo.com/albums/133261746?uid=1&isSubCate=false&referrercate=3903592,,False,,9
133261370,1988/89 Scotland Second Away Retro football jersey S-XXL,https://yang-jersey.x.yupoo.com/albums/133261370?uid=1&isSubCate=false&referrercate=3903592,,False,,9
133261224,1978 Scotland Home Retro football jersey S-XXL,https://yang-jersey.x.yupoo.com/albums/133261224?uid=1&isSubCate=false&referrercate=3903592,,False,,9
133205389,1985 Manchester United away Retro football jersey S-XXL,https://yang-jersey.x.yupoo.com/albums/133205389?uid=1&isSubCate=false&referrercate=3903592,,False,,9
133205234,1985 Manchester United Home Retro football jersey  S-XXL,https://yang-jersey.x.yupoo.com/albums/133205234?uid=1&isSubCate=false&referrercate=3903592,,False,,9
133205144,1984 Manchester United Home Retro football jersey  S-XXL,https://yang-jersey.x.yupoo.com/albums/133205144?uid=1&isSubCate=false&referrercate=3903592,,False,,9
133205004,Retro 2007/08 Manchester United away  S-XXL,https://yang-jersey.x.yupoo.com/albums/133205004?uid=1&isSubCate=false&referrercate=3903592,,False,,9
133204805,1983 Manchester United away Vintage football jersey  S-XXL,https://yang-jersey.x.yupoo.com/albums/133204805?uid=1&isSubCate=false&referrercate=3903592,,False,,9
133204706,Retro1993/94 Manchester United away jersey  S-XXL,https://yang-jersey.x.yupoo.com/albums/133204706?uid=1&isSubCate=false&referrercate=3903592,,False,,9
133204185,Retro 1992/93 Arsenal Home  S-XXL,https://yang-jersey.x.yupoo.com/albums/133204185?uid=1&isSubCate=false&referrercate=3903592,,False,,9
133200876,Retro 1991/93 Arsenal away  S-XXL,https://yang-jersey.x.yupoo.com/albums/133200876?uid=1&isSubCate=false&referrercate=3903592,,False,,9
133200747,Retro 1988/90 Arsenal away  S-XXL,https://yang-jersey.x.yupoo.com/albums/133200747?uid=1&isSubCate=false&referrercate=3903592,,False,,9
133200676,Retro 1988/90 Arsenal Home  S-XXL,https://yang-jersey.x.yupoo.com/albums/133200676?uid=1&isSubCate=false&referrercate=3903592,,False,,9
133200504,Retro 1986/88 Arsenal away  S-XXL,https://yang-jersey.x.yupoo.com/albums/133200504?uid=1&isSubCate=false&referrercate=3903592,,False,,9
133199985,1998/99 Celtic Home Retro football jersey  S-XXL,https://yang-jersey.x.yupoo.com/albums/133199985?uid=1&isSubCate=false&referrercate=3903592,,False,,9
133199676,1996/97 Rangers Home Retro jersey  S-XXL,https://yang-jersey.x.yupoo.com/albums/133199676?uid=1&isSubCate=false&referrercate=3903592,,False,,9
133199570,1998/99 Lazio Second Away Retro jersey   S-XXL,https://yang-jersey.x.yupoo.com/albums/133199570?uid=1&isSubCate=false&referrercate=3903592,,False,,9
133199384,1995/96 Ajax away Vintage football jesey S-XXL,https://yang-jersey.x.yupoo.com/albums/133199384?uid=1&isSubCate=false&referrercate=3903592,,False,,9
133197708,1989/90 Ajax Home Vintage football jesey  S-XXL,https://yang-jersey.x.yupoo.com/albums/133197708?uid=1&isSubCate=false&referrercate=3903592,,False,,9
133197644,Ajax 1994/95 away retro shirt  S-XXL,https://yang-jersey.x.yupoo.com/albums/133197644?uid=1&isSubCate=false&referrercate=3903592,,False,,9
133197551,1989/90 Ajax away retro football jersey S-XXL,https://yang-jersey.x.yupoo.com/albums/133197551?uid=1&isSubCate=false&referrercate=3903592,,False,,9
133187453,Retro shirt 1998/99 Lazio Home  S-XXL,https://yang-jersey.x.yupoo.com/albums/133187453?uid=1&isSubCate=false&referrercate=3903592,,False,,9
133187311,1994 Flamengo 100th Anniversary Edition Retro Jersey   S-XXL,https://yang-jersey.x.yupoo.com/albums/133187311?uid=1&isSubCate=false&referrercate=3903592,,False,,9
113864415,2012 Fluminense Second away Retro football jersey S-XXL,https://yang-jersey.x.yupoo.com/albums/113864415?uid=1&isSubCate=false&referrercate=3903592,,False,,9
113864029,2002 Brazil away Retro jersey S-XXL,https://yang-jersey.x.yupoo.com/albums/113864029?uid=1&isSubCate=false&referrercate=3903592,,False,,9
113924878,Retro 2012/13 Santos home S-XXL,https://yang-jersey.x.yupoo.com/albums/113924878?uid=1&isSubCate=false&referrercate=3903592,,False,,9
113921233,Retro 1999 Flamengo home S-XXL,https://yang-jersey.x.yupoo.com/albums/113921233?uid=1&isSubCate=false&referrercate=3903592,,False,,9
113867273,1998 Santos away retro jersey S-XXL,https://yang-jersey.x.yupoo.com/albums/113867273?uid=1&isSubCate=false&referrercate=3903592,,False,,9
113866151,Retro 2000 Gremio home S-XXL,https://yang-jersey.x.yupoo.com/albums/113866151?uid=1&isSubCate=false&referrercate=3903592,,False,,9
113862922,Retro 1995 Flamengo home S-XXL,https://yang-jersey.x.yupoo.com/albums/113862922?uid=1&isSubCate=false&referrercate=3903592,,False,,9
130553579,Retro 1988/89 AC Milan Home S-XXL,https://yang-jersey.x.yupoo.com/albums/130553579?uid=1&isSubCate=false&referrercate=3903592,,False,,9
130553136,Retro 1990/91 AC Milan Home  S-XXL,https://yang-jersey.x.yupoo.com/albums/130553136?uid=1&isSubCate=false&referrercate=3903592,,False,,9
130552587,Retro 1995/96 AC Milan Third away S-XXL,https://yang-jersey.x.yupoo.com/albums/130552587?uid=1&isSubCate=false&referrercate=3903592,,False,,9
130552413,1987/88 Soviet Union home Retro football jersey S-XXL,https://yang-jersey.x.yupoo.com/albums/130552413?uid=1&isSubCate=false&referrercate=3903592,,False,,9
130552295,1988/89 Soviet Union home Retro football jersey S-XXL,https://yang-jersey.x.yupoo.com/albums/130552295?uid=1&isSubCate=false&referrercate=3903592,,False,,9
130552150,2016 Germany away Retro football jersey S-XXL,https://yang-jersey.x.yupoo.com/albums/130552150?uid=1&isSubCate=false&referrercate=3903592,,False,,9
130549949,Retro 2006 France away S-XXL,https://yang-jersey.x.yupoo.com/albums/130549949?uid=1&isSubCate=false&referrercate=3903592,,False,,9
130548992,2014 Argentina away Retro football jersey S-XXL,https://yang-jersey.x.yupoo.com/albums/130548992?uid=1&isSubCate=false&referrercate=3903592,,False,,9
130548393,Retro 1989 Dortmund Home S-XXL,https://yang-jersey.x.yupoo.com/albums/130548393?uid=1&isSubCate=false&referrercate=3903592,,False,,9
130547916,Retro 2006/07 Tottenham Hotspur Home S-XXL,https://yang-jersey.x.yupoo.com/albums/130547916?uid=1&isSubCate=false&referrercate=3903592,,False,,9
130546431,Retro 2006/07 Tottenham Hotspur away S-XXL,https://yang-jersey.x.yupoo.com/albums/130546431?uid=1&isSubCate=false&referrercate=3903592,,False,,9
130517337,Retro 1994 Germany Home S-XXL,https://yang-jersey.x.yupoo.com/albums/130517337?uid=1&isSubCate=false&referrercate=3903592,,False,,9
130517126,Retro 1970 Mexico Home S-XXL,https://yang-jersey.x.yupoo.com/albums/130517126?uid=1&isSubCate=false&referrercate=3903592,,False,,9
130516904,1988 East Germany away Retro football jersey S-XXL,https://yang-jersey.x.yupoo.com/albums/130516904?uid=1&isSubCate=false&referrercate=3903592,,False,,9
130516632,1983/1984 Hamburg away Retro football jersey  S-XXL,https://yang-jersey.x.yupoo.com/albums/130516632?uid=1&isSubCate=false&referrercate=3903592,,False,,9
130516071,Retro 1996/97 Boca Home S-XXL,https://yang-jersey.x.yupoo.com/albums/130516071?uid=1&isSubCate=false&referrercate=3903592,,False,,9
130515658,Retro 1990 France Home World Cup jersey S-XXL,https://yang-jersey.x.yupoo.com/albums/130515658?uid=1&isSubCate=false&referrercate=3903592,,False,,9
130515445,Retro 1995/97 Real Betis Home S-XXL,https://yang-jersey.x.yupoo.com/albums/130515445?uid=1&isSubCate=false&referrercate=3903592,,False,,9
130512366,Retro 1994/95 Dortmund Home S-XXL,https://yang-jersey.x.yupoo.com/albums/130512366?uid=1&isSubCate=false&referrercate=3903592,,False,,9
130511030,Retro 1970 Brazil Home S-XXL,https://yang-jersey.x.yupoo.com/albums/130511030?uid=1&isSubCate=false&referrercate=3903592,,False,,9
130510398,2016/17 Real Madrid away Retro football jersey S-XXL,https://yang-jersey.x.yupoo.com/albums/130510398?uid=1&isSubCate=false&referrercate=3903592,,False,,9
130510752,Retro 2002/03 AC Milan Home S-XXL,https://yang-jersey.x.yupoo.com/albums/130510752?uid=1&isSubCate=false&referrercate=3903592,,False,,9
113869209,Retro 1996/97 Real Madrid away S-XXL,https://yang-jersey.x.yupoo.com/albums/113869209?uid=1&isSubCate=false&referrercate=3903592,,False,,9
130509799,2016/17 Real Madrid away long-sleeved Retro football jersey S-XXL,https://yang-jersey.x.yupoo.com/albums/130509799?uid=1&isSubCate=false&referrercate=3903592,,False,,9
130509275,Retro 1995/96 Dortmund Home S-XXL,https://yang-jersey.x.yupoo.com/albums/130509275?uid=1&isSubCate=false&referrercate=3903592,,False,,9
130508528,Retro 2012/13 Barcelona Home S-XXL,https://yang-jersey.x.yupoo.com/albums/130508528?uid=1&isSubCate=false&referrercate=3903592,,False,,9
129113911,2014/15 Real Madrid Black Dragon Jersey No.7 C Ronaldo,https://yang-jersey.x.yupoo.com/albums/129113911?uid=1&isSubCate=false&referrercate=3903592,,False,,9
121911957,2008/09 Barcelona away long sleeve Retro football jersey S-XXL,https://yang-jersey.x.yupoo.com/albums/121911957?uid=1&isSubCate=false&referrercate=3903592,,False,,9
120080600,1982/85 Real Betis home Retro football jersey  S-XXL,https://yang-jersey.x.yupoo.com/albums/120080600?uid=1&isSubCate=false&referrercate=3903592,,False,,9
113978570,2004/05 Inter Milan second away Retro football jersey S-XXL,https://yang-jersey.x.yupoo.com/albums/113978570?uid=1&isSubCate=false&referrercate=3903592,,False,,9
113978557,2009/10 Real Madrid away Retro football jersey S-XXL,https://yang-jersey.x.yupoo.com/albums/113978557?uid=1&isSubCate=false&referrercate=3903592,,False,,9
113978549,Retro 2012 LA Galaxy HOME S-XXL,https://yang-jersey.x.yupoo.com/albums/113978549?uid=1&isSubCate=false&referrercate=3903592,,False,,9
113978536,Retro 2002/04 Arsenal away S-XXL,https://yang-jersey.x.yupoo.com/albums/113978536?uid=1&isSubCate=false&referrercate=3903592,,False,,9
113978527,Retro 1999/00 Parma home S-XXL,https://yang-jersey.x.yupoo.com/albums/113978527?uid=1&isSubCate=false&referrercate=3903592,,False,,9
113978285,Retro 2018/19 Manchester United  home S-XXL,https://yang-jersey.x.yupoo.com/albums/113978285?uid=1&isSubCate=false&referrercate=3903592,,False,,9
113978277,Retro 1994 Nigeria away S-XXL,https://yang-jersey.x.yupoo.com/albums/113978277?uid=1&isSubCate=false&referrercate=3903592,,False,,9
113978258,Retro 2005/06 barcelona home long sleeve  S-XXL,https://yang-jersey.x.yupoo.com/albums/113978258?uid=1&isSubCate=false&referrercate=3903592,,False,,9
113978251,2017/18 Real Madrid second away long sleeve Retro football jersey S-XXL,https://yang-jersey.x.yupoo.com/albums/113978251?uid=1&isSubCate=false&referrercate=3903592,,False,,9
113978249,2017/18 Real Madrid second away Retro football jersey S-XXL,https://yang-jersey.x.yupoo.com/albums/113978249?uid=1&isSubCate=false&referrercate=3903592,,False,,9
113977745,1995/96 River plate home Retro football jersey S-XXL,https://yang-jersey.x.yupoo.com/albums/113977745?uid=1&isSubCate=false&referrercate=3903592,,False,,9
113977740,Retro 2003/04 Real Betis home S-XXL,https://yang-jersey.x.yupoo.com/albums/113977740?uid=1&isSubCate=false&referrercate=3903592,,False,,9
113977049,Retro 1998/99 Colo Colo away S-XXL,https://yang-jersey.x.yupoo.com/albums/113977049?uid=1&isSubCate=false&referrercate=3903592,,False,,9
113977044,Retro 1999 Colo Colo home S-XXL,https://yang-jersey.x.yupoo.com/albums/113977044?uid=1&isSubCate=false&referrercate=3903592,,False,,9
113976793,Retro  2003/04 Flamengo Home S-XXL,https://yang-jersey.x.yupoo.com/albums/113976793?uid=1&isSubCate=false&referrercate=3903592,,False,,9
113976774,2013 Santos away Retro football jersey S-XXL,https://yang-jersey.x.yupoo.com/albums/113976774?uid=1&isSubCate=false&referrercate=3903592,,False,,9
113976026,Retro 1996/97 Colo Colo Home S-XXL,https://yang-jersey.x.yupoo.com/albums/113976026?uid=1&isSubCate=false&referrercate=3903592,,False,,9
113974648,1995/96 Inter Milan second away Retro football jersey S-XXL,https://yang-jersey.x.yupoo.com/albums/113974648?uid=1&isSubCate=false&referrercate=3903592,,False,,9
113974645,1995/96 AC Milan home Retro football jersey  S-XXL,https://yang-jersey.x.yupoo.com/albums/113974645?uid=1&isSubCate=false&referrercate=3903592,,False,,9
113974637,Retro 1995/96 AC Milan Second away  S-XXL,https://yang-jersey.x.yupoo.com/albums/113974637?uid=1&isSubCate=false&referrercate=3903592,,False,,9
113974625,Retro 1996 Nigeria away S-XXL,https://yang-jersey.x.yupoo.com/albums/113974625?uid=1&isSubCate=false&referrercate=3903592,,False,,10
113933703,Retro 2004 Brazil home  S-XXL,https://yang-jersey.x.yupoo.com/albums/113933703?uid=1&isSubCate=false&referrercate=3903592,,False,,10
113933691,Retro 2004 Brazil away S-XXL,https://yang-jersey.x.yupoo.com/albums/113933691?uid=1&isSubCate=false&referrercate=3903592,,False,,10
113933678,Retro 1998 Brazil away S-XXL,https://yang-jersey.x.yupoo.com/albums/113933678?uid=1&isSubCate=false&referrercate=3903592,,False,,10
113933665,Retro 2004/05 Atletico Madrid away S-XXL,https://yang-jersey.x.yupoo.com/albums/113933665?uid=1&isSubCate=false&referrercate=3903592,,False,,10
113933648,Retro 1998/99 Manchester United Second Away S-XXL,https://yang-jersey.x.yupoo.com/albums/113933648?uid=1&isSubCate=false&referrercate=3903592,,False,,10
113933610,Retro 1990/91 Inter Milan away S-XXL,https://yang-jersey.x.yupoo.com/albums/113933610?uid=1&isSubCate=false&referrercate=3903592,,False,,10
113929601,Retro 2013/14  PSG Home S-XXL,https://yang-jersey.x.yupoo.com/albums/113929601?uid=1&isSubCate=false&referrercate=3903592,,False,,10
113924900,Retro 2000 Portugal home S-XXL,https://yang-jersey.x.yupoo.com/albums/113924900?uid=1&isSubCate=false&referrercate=3903592,,False,,10
113924894,1995/96 Inter Milan Away Retro football jersey S-XXL,https://yang-jersey.x.yupoo.com/albums/113924894?uid=1&isSubCate=false&referrercate=3903592,,False,,10
113924821,Retro 2005/06 Real Madrid Away S-XXL,https://yang-jersey.x.yupoo.com/albums/113924821?uid=1&isSubCate=false&referrercate=3903592,,False,,10
113924807,Retro 1992/93 Inter Milan  Away S-XXL,https://yang-jersey.x.yupoo.com/albums/113924807?uid=1&isSubCate=false&referrercate=3903592,,False,,10
113924794,Retro  1995/97 Chelsea home S-XXL,https://yang-jersey.x.yupoo.com/albums/113924794?uid=1&isSubCate=false&referrercate=3903592,,False,,10
113924779,Retro 1998 Spain home S-XXL,https://yang-jersey.x.yupoo.com/albums/113924779?uid=1&isSubCate=false&referrercate=3903592,,False,,10
113924770,1986 River Plate home Retro football jersey S-XXL,https://yang-jersey.x.yupoo.com/albums/113924770?uid=1&isSubCate=false&referrercate=3903592,,False,,10
113924205,Retro 2008 Netherlands home S-XXL,https://yang-jersey.x.yupoo.com/albums/113924205?uid=1&isSubCate=false&referrercate=3903592,,False,,10
113924199,1989/91 Chelsea home Retro football jersey S-XXL,https://yang-jersey.x.yupoo.com/albums/113924199?uid=1&isSubCate=false&referrercate=3903592,,False,,10
113924174,Retro 1988 Dortmund home S-XXL,https://yang-jersey.x.yupoo.com/albums/113924174?uid=1&isSubCate=false&referrercate=3903592,,False,,10
113923491,Retro 2012/13 Manchester United  away S-XXL,https://yang-jersey.x.yupoo.com/albums/113923491?uid=1&isSubCate=false&referrercate=3903592,,False,,10
113923405,Retro 2002 South Korea Home Red S-XXL,https://yang-jersey.x.yupoo.com/albums/113923405?uid=1&isSubCate=false&referrercate=3903592,,False,,10
113923387,Retro 2013/14 Manchester United  home S-XXL,https://yang-jersey.x.yupoo.com/albums/113923387?uid=1&isSubCate=false&referrercate=3903592,,False,,10
113923376,Retro 2002 Senegal home jersey S-XXL,https://yang-jersey.x.yupoo.com/albums/113923376?uid=1&isSubCate=false&referrercate=3903592,,False,,10
113923360,Retro 2002 Senegal away S-XXL,https://yang-jersey.x.yupoo.com/albums/113923360?uid=1&isSubCate=false&referrercate=3903592,,False,,10
113923315,Retro 2013/14 Manchester United   away S-XXL,https://yang-jersey.x.yupoo.com/albums/113923315?uid=1&isSubCate=false&referrercate=3903592,,False,,10
113923303,Retro 2002/03 Marseille home S-XXL,https://yang-jersey.x.yupoo.com/albums/113923303?uid=1&isSubCate=false&referrercate=3903592,,False,,10
113919643,Retro 2006 colo colo away S-XXL,https://yang-jersey.x.yupoo.com/albums/113919643?uid=1&isSubCate=false&referrercate=3903592,,False,,10
113919288,Retro 2002/03 Manchester United  Second away S-XXL,https://yang-jersey.x.yupoo.com/albums/113919288?uid=1&isSubCate=false&referrercate=3903592,,False,,10
113919270,Retro 2014/15 JVT home S-XXL,https://yang-jersey.x.yupoo.com/albums/113919270?uid=1&isSubCate=false&referrercate=3903592,,True,,10
113919237,Retro 2005/06 Manchester United home long sleeved S-XXL,https://yang-jersey.x.yupoo.com/albums/113919237?uid=1&isSubCate=false&referrercate=3903592,,False,,10
113917986,Retro 2012/13 Real Madrid home S-XXL,https://yang-jersey.x.yupoo.com/albums/113917986?uid=1&isSubCate=false&referrercate=3903592,,False,,10
113917981,Retro 1993/95 Aston Villa home S-XXL,https://yang-jersey.x.yupoo.com/albums/113917981?uid=1&isSubCate=false&referrercate=3903592,,False,,10
113913383,Retro 2010/11 AC Milan home S-XXL,https://yang-jersey.x.yupoo.com/albums/113913383?uid=1&isSubCate=false&referrercate=3903592,,False,,10
113913373,Retro 1996/97 AC Milan away S-XXL,https://yang-jersey.x.yupoo.com/albums/113913373?uid=1&isSubCate=false&referrercate=3903592,,False,,10
113913355,Retro 1997/98 Tigres home S-XXL,https://yang-jersey.x.yupoo.com/albums/113913355?uid=1&isSubCate=false&referrercate=3903592,,False,,10
113912537,Retro 2003/04 Barcelona home S-XXL,https://yang-jersey.x.yupoo.com/albums/113912537?uid=1&isSubCate=false&referrercate=3903592,,False,,10
113912513,Retro 2006 colo colo home S-XXL,https://yang-jersey.x.yupoo.com/albums/113912513?uid=1&isSubCate=false&referrercate=3903592,,False,,10
113912502,Retro 2013/14 AC Milan home S-XXL,https://yang-jersey.x.yupoo.com/albums/113912502?uid=1&isSubCate=false&referrercate=3903592,,False,,10
113912457,Retro 1999/00 Marseille second away S-XXL,https://yang-jersey.x.yupoo.com/albums/113912457?uid=1&isSubCate=false&referrercate=3903592,,False,,10
113912446,Retro 1996/97 Manchester United away S-XXL,https://yang-jersey.x.yupoo.com/albums/113912446?uid=1&isSubCate=false&referrercate=3903592,,False,,10
113910867,Retro 1997/99 Bayern home S-XXL,https://yang-jersey.x.yupoo.com/albums/113910867?uid=1&isSubCate=false&referrercate=3903592,,False,,10
113910828,Retro 1998 Jamaica away S-XXL,https://yang-jersey.x.yupoo.com/albums/113910828?uid=1&isSubCate=false&referrercate=3903592,,False,,10
113910806,Retro 1998 Jamaica home S-XXL,https://yang-jersey.x.yupoo.com/albums/113910806?uid=1&isSubCate=false&referrercate=3903592,,False,,10
113910788,Retro 1990 Yugoslavia home S-XXL,https://yang-jersey.x.yupoo.com/albums/113910788?uid=1&isSubCate=false&referrercate=3903592,,False,,10
113910775,Retro 1996/97 Rangers away S-XXL,https://yang-jersey.x.yupoo.com/albums/113910775?uid=1&isSubCate=false&referrercate=3903592,,False,,10
113910757,Retro 1994/95 Atletico Madrid home S-XXL,https://yang-jersey.x.yupoo.com/albums/113910757?uid=1&isSubCate=false&referrercate=3903592,,False,,10
113910745,Retro 1995/96 Atletico Madrid home S-XXL,https://yang-jersey.x.yupoo.com/albums/113910745?uid=1&isSubCate=false&referrercate=3903592,,False,,10
113910612,2013/14 Benfica away Retro football jersey S-XXL,https://yang-jersey.x.yupoo.com/albums/113910612?uid=1&isSubCate=false&referrercate=3903592,,False,,10
113909933,1977 Manchester United home Retro football jersey S-XXL,https://yang-jersey.x.yupoo.com/albums/113909933?uid=1&isSubCate=false&referrercate=3903592,,False,,10
113909917,1997/98 Manchester City home Retro football jersey S-XXL,https://yang-jersey.x.yupoo.com/albums/113909917?uid=1&isSubCate=false&referrercate=3903592,,False,,10
113909908,1975/80 Manchester United away Retro football jersey S-XXL,https://yang-jersey.x.yupoo.com/albums/113909908?uid=1&isSubCate=false&referrercate=3903592,,False,,10
113909897,2012/13 Real Madrid second away Retro football jersey S-XXL,https://yang-jersey.x.yupoo.com/albums/113909897?uid=1&isSubCate=false&referrercate=3903592,,False,,10
113909018,Retro 1998/99 Marseille away S-XXL,https://yang-jersey.x.yupoo.com/albums/113909018?uid=1&isSubCate=false&referrercate=3903592,,False,,10
113870128,Retro 1997/98 Athletic Bilbao home S-XXL,https://yang-jersey.x.yupoo.com/albums/113870128?uid=1&isSubCate=false&referrercate=3903592,,False,,10
113870125,Retro 1998/99 Marseille home S-XXL,https://yang-jersey.x.yupoo.com/albums/113870125?uid=1&isSubCate=false&referrercate=3903592,,False,,10
113870123,Retro 1994/96 Manchester City away S-XXL,https://yang-jersey.x.yupoo.com/albums/113870123?uid=1&isSubCate=false&referrercate=3903592,,False,,10
113870122,Retro 1998/99 Bayern Munich away S-XXL,https://yang-jersey.x.yupoo.com/albums/113870122?uid=1&isSubCate=false&referrercate=3903592,,False,,10
113870118,Retro 1994/95 Tottenham home S-XXL,https://yang-jersey.x.yupoo.com/albums/113870118?uid=1&isSubCate=false&referrercate=3903592,,False,,10
113870086,Retro 2006 England home S-XXL,https://yang-jersey.x.yupoo.com/albums/113870086?uid=1&isSubCate=false&referrercate=3903592,,False,,10
113870085,Retro 2013 England home S-XXL,https://yang-jersey.x.yupoo.com/albums/113870085?uid=1&isSubCate=false&referrercate=3903592,,False,,10
113870083,Retro 2010 Argentina home S-XXL,https://yang-jersey.x.yupoo.com/albums/113870083?uid=1&isSubCate=false&referrercate=3903592,,False,,10
113870082,Retro 2010/11 Bayern Munich home S-XXL,https://yang-jersey.x.yupoo.com/albums/113870082?uid=1&isSubCate=false&referrercate=3903592,,False,,10
113870033,Retro 1982 England home S-XXL,https://yang-jersey.x.yupoo.com/albums/113870033?uid=1&isSubCate=false&referrercate=3903592,,False,,10
113870017,Retro 1993/95 Parma home S-XXL,https://yang-jersey.x.yupoo.com/albums/113870017?uid=1&isSubCate=false&referrercate=3903592,,False,,10
113869913,Retro 2013/14 Bayern Munich home Champions League S-XXL,https://yang-jersey.x.yupoo.com/albums/113869913?uid=1&isSubCate=false&referrercate=3903592,,False,,10
113869867,2002/03 PSG away white Retro football jersey  S-XXL,https://yang-jersey.x.yupoo.com/albums/113869867?uid=1&isSubCate=false&referrercate=3903592,,False,,10
113869862,Retro 2008/09 Manchester United away white S-XXL,https://yang-jersey.x.yupoo.com/albums/113869862?uid=1&isSubCate=false&referrercate=3903592,,False,,10
113869861,Retro 2002/03 Real Madrid Home Champions League version S-XXL,https://yang-jersey.x.yupoo.com/albums/113869861?uid=1&isSubCate=false&referrercate=3903592,,False,,10
113869860,Retro 2002/03 Real Madrid Away Champions League version  S-XXL,https://yang-jersey.x.yupoo.com/albums/113869860?uid=1&isSubCate=false&referrercate=3903592,,False,,10
113869715,Retro 2012/13 Chelsea away S-XXL,https://yang-jersey.x.yupoo.com/albums/113869715?uid=1&isSubCate=false&referrercate=3903592,,False,,10
113869714,Retro 2006 Mexico Home S-XXL,https://yang-jersey.x.yupoo.com/albums/113869714?uid=1&isSubCate=false&referrercate=3903592,,False,,10
113869701,Retro 2016 Portugal  home S-XXL,https://yang-jersey.x.yupoo.com/albums/113869701?uid=1&isSubCate=false&referrercate=3903592,,False,,10
113869699,Retro 2016/17 Barcelona home S-XXL,https://yang-jersey.x.yupoo.com/albums/113869699?uid=1&isSubCate=false&referrercate=3903592,,False,,10
113869689,Retro 2008/09 Olympique Lyonnais away  S-XXL,https://yang-jersey.x.yupoo.com/albums/113869689?uid=1&isSubCate=false&referrercate=3903592,,False,,10
113869687,Retro 1996/97 Real Madrid home S-XXL,https://yang-jersey.x.yupoo.com/albums/113869687?uid=1&isSubCate=false&referrercate=3903592,,False,,10
113869683,Retro 2008/10 England away S-XXL,https://yang-jersey.x.yupoo.com/albums/113869683?uid=1&isSubCate=false&referrercate=3903592,,False,,10
113869668,2001/02 Bayern Munich UEFA Cup Home Retro Football Jersey S-XXL,https://yang-jersey.x.yupoo.com/albums/113869668?uid=1&isSubCate=false&referrercate=3903592,,False,,10
113869662,Retro 1992/94 Tottenham third away S-XXL,https://yang-jersey.x.yupoo.com/albums/113869662?uid=1&isSubCate=false&referrercate=3903592,,False,,10
113869635,Retro 1994/96 Ireland away S-XXL,https://yang-jersey.x.yupoo.com/albums/113869635?uid=1&isSubCate=false&referrercate=3903592,,False,,10
113869632,Retro 1994/96 Ireland Home S-XXL,https://yang-jersey.x.yupoo.com/albums/113869632?uid=1&isSubCate=false&referrercate=3903592,,False,,10
113869631,Retro 2015/16 Wales home S-XXL,https://yang-jersey.x.yupoo.com/albums/113869631?uid=1&isSubCate=false&referrercate=3903592,,False,,10
113869628,Retro  1996 England home S-XXL,https://yang-jersey.x.yupoo.com/albums/113869628?uid=1&isSubCate=false&referrercate=3903592,,False,,10
113869627,Retro 1999/00 Manchester United away S-XXL,https://yang-jersey.x.yupoo.com/albums/113869627?uid=1&isSubCate=false&referrercate=3903592,,False,,10
113869626,Retro 1999/01 Manchester City home S-XXL,https://yang-jersey.x.yupoo.com/albums/113869626?uid=1&isSubCate=false&referrercate=3903592,,False,,10
113869625,Retro  2002/03  PSG home S-XXL,https://yang-jersey.x.yupoo.com/albums/113869625?uid=1&isSubCate=false&referrercate=3903592,,False,,10
113869621,Retro 1994 Rangers away S-XXL,https://yang-jersey.x.yupoo.com/albums/113869621?uid=1&isSubCate=false&referrercate=3903592,,False,,10
113869617,Retro 1991/93 Scotland away S-XXL,https://yang-jersey.x.yupoo.com/albums/113869617?uid=1&isSubCate=false&referrercate=3903592,,False,,10
113869609,Retro 1995/96 Fiorentina away S-XXL,https://yang-jersey.x.yupoo.com/albums/113869609?uid=1&isSubCate=false&referrercate=3903592,,False,,10
113869607,Retro 1995/96 Fiorentina home S-XXL,https://yang-jersey.x.yupoo.com/albums/113869607?uid=1&isSubCate=false&referrercate=3903592,,False,,10
113869605,Retro  1991/93 Napoli home S-XXL,https://yang-jersey.x.yupoo.com/albums/113869605?uid=1&isSubCate=false&referrercate=3903592,,False,,10
113869604,Retro 1994 Ireland away S-XXL,https://yang-jersey.x.yupoo.com/albums/113869604?uid=1&isSubCate=false&referrercate=3903592,,False,,10
113869603,Retro 1980 Celtic home S-XXL,https://yang-jersey.x.yupoo.com/albums/113869603?uid=1&isSubCate=false&referrercate=3903592,,False,,10
113869455,Retro 2008/09 Tottenham home S-XXL,https://yang-jersey.x.yupoo.com/albums/113869455?uid=1&isSubCate=false&referrercate=3903592,,False,,10
113869453,Retro 1972 Manchester City home S-XXL,https://yang-jersey.x.yupoo.com/albums/113869453?uid=1&isSubCate=false&referrercate=3903592,,False,,10
113869212,Retro 1996/97 Real Madrid Second away  S-XXL,https://yang-jersey.x.yupoo.com/albums/113869212?uid=1&isSubCate=false&referrercate=3903592,,False,,10
113869205,Retro 1986 Denmark home S-XXL,https://yang-jersey.x.yupoo.com/albums/113869205?uid=1&isSubCate=false&referrercate=3903592,,False,,10
113868888,Retro 2002 Portugal home S-XXL,https://yang-jersey.x.yupoo.com/albums/113868888?uid=1&isSubCate=false&referrercate=3903592,,False,,10
113868881,Retro  2004 Portugal home S-XXL,https://yang-jersey.x.yupoo.com/albums/113868881?uid=1&isSubCate=false&referrercate=3903592,,False,,10
113868874,Retro 1998 France away S-XXL,https://yang-jersey.x.yupoo.com/albums/113868874?uid=1&isSubCate=false&referrercate=3903592,,False,,10
113868873,Retro  2002 Spain home S-XXL,https://yang-jersey.x.yupoo.com/albums/113868873?uid=1&isSubCate=false&referrercate=3903592,,False,,10
113868865,Retro 1982 Italy home S-XXL,https://yang-jersey.x.yupoo.com/albums/113868865?uid=1&isSubCate=false&referrercate=3903592,,False,,10
113868860,Retro 1996 Italy away S-XXL,https://yang-jersey.x.yupoo.com/albums/113868860?uid=1&isSubCate=false&referrercate=3903592,,False,,10
113868855,Retro 1996  Italy home S-XXL,https://yang-jersey.x.yupoo.com/albums/113868855?uid=1&isSubCate=false&referrercate=3903592,,False,,10
113868824,Retro 2012/13 Chelsea  Second away S-XXL,https://yang-jersey.x.yupoo.com/albums/113868824?uid=1&isSubCate=false&referrercate=3903592,,False,,10
113868610,Retro 2014/15 AC Milan home S-XXL,https://yang-jersey.x.yupoo.com/albums/113868610?uid=1&isSubCate=false&referrercate=3903592,,False,,10
113868607,Retro 2008/09 Barcelona away S-XXL,https://yang-jersey.x.yupoo.com/albums/113868607?uid=1&isSubCate=false&referrercate=3903592,,False,,10
113868603,Retro 2004/05 Atletico Madrid home S-XXL,https://yang-jersey.x.yupoo.com/albums/113868603?uid=1&isSubCate=false&referrercate=3903592,,False,,10
113868599,Retro 1996 Spain home S-XXL,https://yang-jersey.x.yupoo.com/albums/113868599?uid=1&isSubCate=false&referrercate=3903592,,False,,10
113868596,Retro 1996 Spain second away S-XXL,https://yang-jersey.x.yupoo.com/albums/113868596?uid=1&isSubCate=false&referrercate=3903592,,False,,10
113868592,Retro 2010 Netherlands away S-XXL,https://yang-jersey.x.yupoo.com/albums/113868592?uid=1&isSubCate=false&referrercate=3903592,,False,,10
113868589,Retro 2010 Netherlands home S-XXL,https://yang-jersey.x.yupoo.com/albums/113868589?uid=1&isSubCate=false&referrercate=3903592,,False,,10
113868587,Retro 2001/02 PSG second away  S-XXL,https://yang-jersey.x.yupoo.com/albums/113868587?uid=1&isSubCate=false&referrercate=3903592,,False,,10
113868585,Retro 2001/02 PSG away S-XXL,https://yang-jersey.x.yupoo.com/albums/113868585?uid=1&isSubCate=false&referrercate=3903592,,False,,10
113868316,Retro 1998/99 Manchester City away S-XXL,https://yang-jersey.x.yupoo.com/albums/113868316?uid=1&isSubCate=false&referrercate=3903592,,False,,10
113868312,Retro 1997/99 Chelsea home S-XXL,https://yang-jersey.x.yupoo.com/albums/113868312?uid=1&isSubCate=false&referrercate=3903592,,False,,10
113868299,Retro 2005/06 Barcelona away S-XXL,https://yang-jersey.x.yupoo.com/albums/113868299?uid=1&isSubCate=false&referrercate=3903592,,False,,10
113868293,Retro 1997/99 Newcastle United home S-XXL,https://yang-jersey.x.yupoo.com/albums/113868293?uid=1&isSubCate=false&referrercate=3903592,,False,,10
113868276,Retro 1998 Nigeria home S-XXL,https://yang-jersey.x.yupoo.com/albums/113868276?uid=1&isSubCate=false&referrercate=3903592,,False,,10
113868072,Retro 2012 Portugal  away S-XXL,https://yang-jersey.x.yupoo.com/albums/113868072?uid=1&isSubCate=false&referrercate=3903592,,False,,10
113868062,Retro long sleeve Spain 2010 away S-XXL,https://yang-jersey.x.yupoo.com/albums/113868062?uid=1&isSubCate=false&referrercate=3903592,,False,,10
113868057,Retro 2010 Spain away S-XXL,https://yang-jersey.x.yupoo.com/albums/113868057?uid=1&isSubCate=false&referrercate=3903592,,False,,10
113868055,Retro 2005/06 Real Madrid home long sleeve S-XXL,https://yang-jersey.x.yupoo.com/albums/113868055?uid=1&isSubCate=false&referrercate=3903592,,False,,11
113868050,Retro 2005/06 Real Madrid home S-XXL,https://yang-jersey.x.yupoo.com/albums/113868050?uid=1&isSubCate=false&referrercate=3903592,,False,,11
113868048,Retro 1993/94 PSG home S-XXL,https://yang-jersey.x.yupoo.com/albums/113868048?uid=1&isSubCate=false&referrercate=3903592,,False,,11
113868045,Retro 1995/96 PSG home S-XXL,https://yang-jersey.x.yupoo.com/albums/113868045?uid=1&isSubCate=false&referrercate=3903592,,False,,11
113867891,Retro1990 Colombia  Home S-XXL,https://yang-jersey.x.yupoo.com/albums/113867891?uid=1&isSubCate=false&referrercate=3903592,,False,,11
113867793,Retro 2009/10 Manchester United  home S-XXL,https://yang-jersey.x.yupoo.com/albums/113867793?uid=1&isSubCate=false&referrercate=3903592,,False,,11
113867726,Retro 2003/04 Porto home S-XXL,https://yang-jersey.x.yupoo.com/albums/113867726?uid=1&isSubCate=false&referrercate=3903592,,False,,11
113867724,Retro 2014/15 Lazio home S-XXL,https://yang-jersey.x.yupoo.com/albums/113867724?uid=1&isSubCate=false&referrercate=3903592,,False,,11
113867693,Retro 1998/99 Marseille second away  S-XXL,https://yang-jersey.x.yupoo.com/albums/113867693?uid=1&isSubCate=false&referrercate=3903592,,False,,11
113867601,Retro 1995/97 Chelsea away S-XXL,https://yang-jersey.x.yupoo.com/albums/113867601?uid=1&isSubCate=false&referrercate=3903592,,False,,11
113867581,Retro 1984/86 Celtic Second Away S-XXL,https://yang-jersey.x.yupoo.com/albums/113867581?uid=1&isSubCate=false&referrercate=3903592,,False,,11
113867564,Retro 2004/05 AC Milan home S-XXL,https://yang-jersey.x.yupoo.com/albums/113867564?uid=1&isSubCate=false&referrercate=3903592,,False,,11
113867558,Retro 2008/09 Inter Milan home S-XXL,https://yang-jersey.x.yupoo.com/albums/113867558?uid=1&isSubCate=false&referrercate=3903592,,False,,11
113867468,Retro 2001/02 PSG home S-XXL,https://yang-jersey.x.yupoo.com/albums/113867468?uid=1&isSubCate=false&referrercate=3903592,,False,,11
113867312,Retro 1987/88 Napoli home S-XXL,https://yang-jersey.x.yupoo.com/albums/113867312?uid=1&isSubCate=false&referrercate=3903592,,False,,11
113867179,1996/98 Scotland Away retro football jersey S-XXL,https://yang-jersey.x.yupoo.com/albums/113867179?uid=1&isSubCate=false&referrercate=3903592,,False,,11
113867168,Retro 2000/01 Roma away S-XXL,https://yang-jersey.x.yupoo.com/albums/113867168?uid=1&isSubCate=false&referrercate=3903592,,False,,11
113867164,Retro 1987/88 Napoli away S-XXL,https://yang-jersey.x.yupoo.com/albums/113867164?uid=1&isSubCate=false&referrercate=3903592,,False,,11
113867161,Retro 1988/89 Napoli away S-XXL,https://yang-jersey.x.yupoo.com/albums/113867161?uid=1&isSubCate=false&referrercate=3903592,,False,,11
113867152,Retro 1986/87 Napoli home S-XXL,https://yang-jersey.x.yupoo.com/albums/113867152?uid=1&isSubCate=false&referrercate=3903592,,False,,11
113867148,Retro 1990/91 Napoli home S-XXL,https://yang-jersey.x.yupoo.com/albums/113867148?uid=1&isSubCate=false&referrercate=3903592,,False,,11
113867136,1991/92 Roma home Retro football jersey S-XXL,https://yang-jersey.x.yupoo.com/albums/113867136?uid=1&isSubCate=false&referrercate=3903592,,False,,11
113867119,1996/97 River Plate home Vintage football jersey S-XXL,https://yang-jersey.x.yupoo.com/albums/113867119?uid=1&isSubCate=false&referrercate=3903592,,False,,11
113867105,1989/90 ACF Fiorentina home Vintage football jersey  S-XXL,https://yang-jersey.x.yupoo.com/albums/113867105?uid=1&isSubCate=false&referrercate=3903592,,False,,11
113866885,1995/97 Parma White Vintage football jersey S-XXL,https://yang-jersey.x.yupoo.com/albums/113866885?uid=1&isSubCate=false&referrercate=3903592,,False,,11
113866882,1995/97 Parma Blue Retro jersey S-XXL,https://yang-jersey.x.yupoo.com/albums/113866882?uid=1&isSubCate=false&referrercate=3903592,,False,,11
113866879,1995/97 Parma Yellow Retro jersey S-XXL,https://yang-jersey.x.yupoo.com/albums/113866879?uid=1&isSubCate=false&referrercate=3903592,,False,,11
113866876,Retro 2001 Argentina Maradona #10 Commemorative Edition S-XXL,https://yang-jersey.x.yupoo.com/albums/113866876?uid=1&isSubCate=false&referrercate=3903592,,False,,11
113866856,Retro 1986 Argentina away S-XXL,https://yang-jersey.x.yupoo.com/albums/113866856?uid=1&isSubCate=false&referrercate=3903592,,False,,11
113866800,Retro 2012/13 Dortmund  home S-XXL,https://yang-jersey.x.yupoo.com/albums/113866800?uid=1&isSubCate=false&referrercate=3903592,,False,,11
113866797,Retro 1988/89 Napoli home S-XXL,https://yang-jersey.x.yupoo.com/albums/113866797?uid=1&isSubCate=false&referrercate=3903592,,False,,11
113866691,Retro 2014 Germany away S-XXL,https://yang-jersey.x.yupoo.com/albums/113866691?uid=1&isSubCate=false&referrercate=3903592,,False,,11
113866656,Retro 1990 Marseille away S-XXL,https://yang-jersey.x.yupoo.com/albums/113866656?uid=1&isSubCate=false&referrercate=3903592,,False,,11
113866629,Retro 1984/86 Celtic Away S-XXL,https://yang-jersey.x.yupoo.com/albums/113866629?uid=1&isSubCate=false&referrercate=3903592,,False,,11
113866612,Retro 2003/04 Boca Juniors home Long Sleeve S-XXL,https://yang-jersey.x.yupoo.com/albums/113866612?uid=1&isSubCate=false&referrercate=3903592,,False,,11
113866607,Retro 2003/04 Boca Juniors home S-XXL,https://yang-jersey.x.yupoo.com/albums/113866607?uid=1&isSubCate=false&referrercate=3903592,,False,,11
113866469,Retro 1999/00 AC Milan Home S-XXL,https://yang-jersey.x.yupoo.com/albums/113866469?uid=1&isSubCate=false&referrercate=3903592,,False,,11
113866145,Retro 1994/95 Nottingham Forest Home S-XXL,https://yang-jersey.x.yupoo.com/albums/113866145?uid=1&isSubCate=false&referrercate=3903592,,False,,11
113866138,Retro 1993/94 Arsenal  away S-XXL,https://yang-jersey.x.yupoo.com/albums/113866138?uid=1&isSubCate=false&referrercate=3903592,,False,,11
113866135,Retro  2002/03 Parma away S-XXL,https://yang-jersey.x.yupoo.com/albums/113866135?uid=1&isSubCate=false&referrercate=3903592,,False,,11
113866131,Retro 2001/02 Parma home S-XXL,https://yang-jersey.x.yupoo.com/albums/113866131?uid=1&isSubCate=false&referrercate=3903592,,False,,11
113866127,Retro 1990 Marseille home S-XXL,https://yang-jersey.x.yupoo.com/albums/113866127?uid=1&isSubCate=false&referrercate=3903592,,False,,11
113866122,Retro 1991/93 Tottenham home S-XXL,https://yang-jersey.x.yupoo.com/albums/113866122?uid=1&isSubCate=false&referrercate=3903592,,False,,11
113866117,Retro 1996 Nigeria home S-XXL,https://yang-jersey.x.yupoo.com/albums/113866117?uid=1&isSubCate=false&referrercate=3903592,,False,,11
113865968,Retro 2011/12 Manchester City  home S-XXL,https://yang-jersey.x.yupoo.com/albums/113865968?uid=1&isSubCate=false&referrercate=3903592,,False,,11
113865639,Retro long-sleeved 2003/05 Chelsea away S-XXL,https://yang-jersey.x.yupoo.com/albums/113865639?uid=1&isSubCate=false&referrercate=3903592,,False,,11
113865635,Retro 2003/05 Chelsea away S-XXL,https://yang-jersey.x.yupoo.com/albums/113865635?uid=1&isSubCate=false&referrercate=3903592,,False,,11
113865629,Retro 1988/90 Ireland home S-XXL,https://yang-jersey.x.yupoo.com/albums/113865629?uid=1&isSubCate=false&referrercate=3903592,,False,,11
113865626,Retro 2009/10 AC Milan home S-XXL,https://yang-jersey.x.yupoo.com/albums/113865626?uid=1&isSubCate=false&referrercate=3903592,,False,,11
113865612,Retro 1992/95 Barcelona away S-XXL,https://yang-jersey.x.yupoo.com/albums/113865612?uid=1&isSubCate=false&referrercate=3903592,,False,,11
113865604,Retro 1992/95 Barcelona home S-XXL,https://yang-jersey.x.yupoo.com/albums/113865604?uid=1&isSubCate=false&referrercate=3903592,,False,,11
113865576,Retro 1996/97 Celtic Away S-XXL,https://yang-jersey.x.yupoo.com/albums/113865576?uid=1&isSubCate=false&referrercate=3903592,,False,,11
113865195,Retro 2010/11 Inter Milan home S-XXL,https://yang-jersey.x.yupoo.com/albums/113865195?uid=1&isSubCate=false&referrercate=3903592,,False,,11
113865103,Retro 1995/96 Rangers Away S-XXL,https://yang-jersey.x.yupoo.com/albums/113865103?uid=1&isSubCate=false&referrercate=3903592,,False,,11
113865097,Retro 2006/07 AC Milan Second away S-XXL,https://yang-jersey.x.yupoo.com/albums/113865097?uid=1&isSubCate=false&referrercate=3903592,,False,,11
113864637,Retro 1998 Morocco away S-XXL,https://yang-jersey.x.yupoo.com/albums/113864637?uid=1&isSubCate=false&referrercate=3903592,,False,,11
113864628,Retro 1998 Morocco home S-XXL,https://yang-jersey.x.yupoo.com/albums/113864628?uid=1&isSubCate=false&referrercate=3903592,,False,,11
113864586,Retro Long sleeve 1981 Boca Juniors home S-XXL,https://yang-jersey.x.yupoo.com/albums/113864586?uid=1&isSubCate=false&referrercate=3903592,,False,,11
113864578,Retro 1981 Boca Juniors home S-XXL,https://yang-jersey.x.yupoo.com/albums/113864578?uid=1&isSubCate=false&referrercate=3903592,,False,,11
113864534,Retro 1998 Germany away S-XXL,https://yang-jersey.x.yupoo.com/albums/113864534?uid=1&isSubCate=false&referrercate=3903592,,False,,11
113864527,Retro 2000/01 Ajax away S-XXL,https://yang-jersey.x.yupoo.com/albums/113864527?uid=1&isSubCate=false&referrercate=3903592,,False,,11
113864452,Retro 1988/90 Inter Milan home S-XXL,https://yang-jersey.x.yupoo.com/albums/113864452?uid=1&isSubCate=false&referrercate=3903592,,False,,11
113864391,Retro 1994/95 Everton home S-XXL,https://yang-jersey.x.yupoo.com/albums/113864391?uid=1&isSubCate=false&referrercate=3903592,,False,,11
113864374,1982 France home Retro football jersey S-XXL,https://yang-jersey.x.yupoo.com/albums/113864374?uid=1&isSubCate=false&referrercate=3903592,,False,,11
113864367,Retro 1997/98 Ajax home S-XXL,https://yang-jersey.x.yupoo.com/albums/113864367?uid=1&isSubCate=false&referrercate=3903592,,False,,11
113864326,Retro 1998/99  Inter Milan away S-XXL,https://yang-jersey.x.yupoo.com/albums/113864326?uid=1&isSubCate=false&referrercate=3903592,,False,,11
113864294,Retro 2011/12 AC Milan home S-XXL,https://yang-jersey.x.yupoo.com/albums/113864294?uid=1&isSubCate=false&referrercate=3903592,,False,,11
113864286,Retro 1993/94 AC Milan away S-XXL,https://yang-jersey.x.yupoo.com/albums/113864286?uid=1&isSubCate=false&referrercate=3903592,,False,,11
113864272,Retro 1993/94 AC Milan home S-XXL,https://yang-jersey.x.yupoo.com/albums/113864272?uid=1&isSubCate=false&referrercate=3903592,,False,,11
113864233,Retro 1997/98 Real Madrid  home S-XXL,https://yang-jersey.x.yupoo.com/albums/113864233?uid=1&isSubCate=false&referrercate=3903592,,False,,11
113864141,Retro 2010/11 Inter Milan Away S-XXL,https://yang-jersey.x.yupoo.com/albums/113864141?uid=1&isSubCate=false&referrercate=3903592,,False,,11
113864139,Retro 2009/10 Inter Milan home S-XXL,https://yang-jersey.x.yupoo.com/albums/113864139?uid=1&isSubCate=false&referrercate=3903592,,False,,11
113864137,1994 USA away Retro Jersey  S-XXL,https://yang-jersey.x.yupoo.com/albums/113864137?uid=1&isSubCate=false&referrercate=3903592,,False,,11
113864132,Retro 1992/93 ACF Fiorentina away S-XXL,https://yang-jersey.x.yupoo.com/albums/113864132?uid=1&isSubCate=false&referrercate=3903592,,False,,11
113864126,Retro 1992/93 ACF Fiorentina home S-XXL,https://yang-jersey.x.yupoo.com/albums/113864126?uid=1&isSubCate=false&referrercate=3903592,,False,,11
113864119,Retro 1997/98 Inter Milan second away S-XXL,https://yang-jersey.x.yupoo.com/albums/113864119?uid=1&isSubCate=false&referrercate=3903592,,False,,11
113864114,Retro 1997/98 Inter Milan home S-XXL,https://yang-jersey.x.yupoo.com/albums/113864114?uid=1&isSubCate=false&referrercate=3903592,,False,,11
113864080,Retro 1999/00 Lazio Second away S-XXL,https://yang-jersey.x.yupoo.com/albums/113864080?uid=1&isSubCate=false&referrercate=3903592,,False,,11
113864064,Retro 1998/99 PSG  home S-XXL,https://yang-jersey.x.yupoo.com/albums/113864064?uid=1&isSubCate=false&referrercate=3903592,,False,,11
113864047,Retro 1998/99 PSG  away S-XXL,https://yang-jersey.x.yupoo.com/albums/113864047?uid=1&isSubCate=false&referrercate=3903592,,False,,11
113864041,Retro 2001/02 Inter Milan home S-XXL,https://yang-jersey.x.yupoo.com/albums/113864041?uid=1&isSubCate=false&referrercate=3903592,,False,,11
113864024,2006/07 Real Madrid home Long sleeve vintage jersey  S-XXL,https://yang-jersey.x.yupoo.com/albums/113864024?uid=1&isSubCate=false&referrercate=3903592,,False,,11
113864019,2006/07 Real Madrid home Retro jersey S-XXL,https://yang-jersey.x.yupoo.com/albums/113864019?uid=1&isSubCate=false&referrercate=3903592,,False,,11
113863995,Retro 1994 Argentina away S-XXL,https://yang-jersey.x.yupoo.com/albums/113863995?uid=1&isSubCate=false&referrercate=3903592,,False,,11
113863986,Retro 1999 Boca Juniors home S-XXL,https://yang-jersey.x.yupoo.com/albums/113863986?uid=1&isSubCate=false&referrercate=3903592,,False,,11
113863975,Retro 2002 Boca Juniors home S-XXL,https://yang-jersey.x.yupoo.com/albums/113863975?uid=1&isSubCate=false&referrercate=3903592,,False,,11
113863967,Retro 2002 Boca Juniors away S-XXL,https://yang-jersey.x.yupoo.com/albums/113863967?uid=1&isSubCate=false&referrercate=3903592,,False,,11
113863961,Retro 1998  Argentina home S-XXL,https://yang-jersey.x.yupoo.com/albums/113863961?uid=1&isSubCate=false&referrercate=3903592,,False,,11
113863948,Retro  2005/06 Barcelona Home UEFA Champions League  S-XXL,https://yang-jersey.x.yupoo.com/albums/113863948?uid=1&isSubCate=false&referrercate=3903592,,False,,11
113863930,Retro 1992 Germany away S-XXL,https://yang-jersey.x.yupoo.com/albums/113863930?uid=1&isSubCate=false&referrercate=3903592,,False,,11
113863918,Retro 2016/17 Real Madrid Second Away Long sleeve  S-XXL,https://yang-jersey.x.yupoo.com/albums/113863918?uid=1&isSubCate=false&referrercate=3903592,,False,,11
113863913,Retro 2016/17 Real Madrid Second Away  S-XXL,https://yang-jersey.x.yupoo.com/albums/113863913?uid=1&isSubCate=false&referrercate=3903592,,False,,11
113863901,Retro 1995/97 Newcastle United home S-XXL,https://yang-jersey.x.yupoo.com/albums/113863901?uid=1&isSubCate=false&referrercate=3903592,,False,,11
113863892,Retro 2005/06 Newcastle United home S-XXL,https://yang-jersey.x.yupoo.com/albums/113863892?uid=1&isSubCate=false&referrercate=3903592,,False,,11
113863890,Retro 1999/01 West Ham United home S-XXL,https://yang-jersey.x.yupoo.com/albums/113863890?uid=1&isSubCate=false&referrercate=3903592,,False,,11
113863884,Retro 2002/04 Arsenal home S-XXL,https://yang-jersey.x.yupoo.com/albums/113863884?uid=1&isSubCate=false&referrercate=3903592,,False,,11
113863874,Retro 1994/96 Manchester United  home S-XXL,https://yang-jersey.x.yupoo.com/albums/113863874?uid=1&isSubCate=false&referrercate=3903592,,False,,11
113863858,Retro 2010/11 Real Madrid home Long sleeve  S-XXL,https://yang-jersey.x.yupoo.com/albums/113863858?uid=1&isSubCate=false&referrercate=3903592,,False,,11
113863850,Retro 2010/11 Real Madrid home S-XXL,https://yang-jersey.x.yupoo.com/albums/113863850?uid=1&isSubCate=false&referrercate=3903592,,False,,11
113863828,Retro 2011/12 Real Madrid home S-XXL,https://yang-jersey.x.yupoo.com/albums/113863828?uid=1&isSubCate=false&referrercate=3903592,,False,,11
113863811,Retro 2006/07 AC Milan home S-XXL,https://yang-jersey.x.yupoo.com/albums/113863811?uid=1&isSubCate=false&referrercate=3903592,,False,,11
113863801,Retro 2006/07 Barcelona home Long sleeve S-XXL,https://yang-jersey.x.yupoo.com/albums/113863801?uid=1&isSubCate=false&referrercate=3903592,,False,,11
113863765,Retro 2006/07 Barcelona  home S-XXL,https://yang-jersey.x.yupoo.com/albums/113863765?uid=1&isSubCate=false&referrercate=3903592,,False,,11
113863728,Retro 2006/07 Manchester United home Long sleeve  S-XXL,https://yang-jersey.x.yupoo.com/albums/113863728?uid=1&isSubCate=false&referrercate=3903592,,False,,11
113863695,Retro 1995/97 Barcelona away S-XXL,https://yang-jersey.x.yupoo.com/albums/113863695?uid=1&isSubCate=false&referrercate=3903592,,False,,11
113863689,Retro 1996/97 Argentina home S-XXL,https://yang-jersey.x.yupoo.com/albums/113863689?uid=1&isSubCate=false&referrercate=3903592,,False,,11
113863677,Retro 1998  Argentina away S-XXL,https://yang-jersey.x.yupoo.com/albums/113863677?uid=1&isSubCate=false&referrercate=3903592,,False,,11
113863661,Retro  2001/03 Sporting CP home S-XXL,https://yang-jersey.x.yupoo.com/albums/113863661?uid=1&isSubCate=false&referrercate=3903592,,False,,11
113863632,Retro1997/98 Ajax away S-XXL,https://yang-jersey.x.yupoo.com/albums/113863632?uid=1&isSubCate=false&referrercate=3903592,,False,,11
113863609,Retro 1991/92 Celtic away S-XXL,https://yang-jersey.x.yupoo.com/albums/113863609?uid=1&isSubCate=false&referrercate=3903592,,False,,11
113863513,Retro 1998/99 Manchester United  away S-XXL,https://yang-jersey.x.yupoo.com/albums/113863513?uid=1&isSubCate=false&referrercate=3903592,,False,,11
113863493,Retro 1995/96 Ajax home S-XXL,https://yang-jersey.x.yupoo.com/albums/113863493?uid=1&isSubCate=false&referrercate=3903592,,False,,11
113863479,Retro 1996 Germany away S-XXL,https://yang-jersey.x.yupoo.com/albums/113863479?uid=1&isSubCate=false&referrercate=3903592,,False,,11
113863447,Retro 2010/11 Barcelona home S-XXL,https://yang-jersey.x.yupoo.com/albums/113863447?uid=1&isSubCate=false&referrercate=3903592,,False,,11
113863425,Retro Long Sleeve 1996 Manchester United  home S-XXL,https://yang-jersey.x.yupoo.com/albums/113863425?uid=1&isSubCate=false&referrercate=3903592,,False,,11
113863417,Retro Long Sleeve 1998 England home S- XXL,https://yang-jersey.x.yupoo.com/albums/113863417?uid=1&isSubCate=false&referrercate=3903592,,False,,11
113863350,Retro 1998/00 Real Madrid away  S-XXL,https://yang-jersey.x.yupoo.com/albums/113863350?uid=1&isSubCate=false&referrercate=3903592,,False,,11
113863341,Retro 2015/16 Real Madrid home S-XXL,https://yang-jersey.x.yupoo.com/albums/113863341?uid=1&isSubCate=false&referrercate=3903592,,False,,11
113863325,Retro 2014/15 Barcelona home S-XXL,https://yang-jersey.x.yupoo.com/albums/113863325?uid=1&isSubCate=false&referrercate=3903592,,False,,11
113863314,Retro  2010/11 Barcelona away S-XXL,https://yang-jersey.x.yupoo.com/albums/113863314?uid=1&isSubCate=false&referrercate=3903592,,False,,11
113863307,Retro 2010/11 Manchester United away Champions League version  S-XXL,https://yang-jersey.x.yupoo.com/albums/113863307?uid=1&isSubCate=false&referrercate=3903592,,False,,12
113863299,Retro 1998 Netherlands home S-XXL,https://yang-jersey.x.yupoo.com/albums/113863299?uid=1&isSubCate=false&referrercate=3903592,,False,,12
113863296,Retro 2005/06 Arsenal home S-XXL,https://yang-jersey.x.yupoo.com/albums/113863296?uid=1&isSubCate=false&referrercate=3903592,,False,,12
113863291,Retro 1998 Croatia home S-XXL,https://yang-jersey.x.yupoo.com/albums/113863291?uid=1&isSubCate=false&referrercate=3903592,,False,,12
113863285,Retro 1998 Croatia away S-XXL,https://yang-jersey.x.yupoo.com/albums/113863285?uid=1&isSubCate=false&referrercate=3903592,,False,,12
113863271,Retro 1996/97 AC Milan home S-XXL,https://yang-jersey.x.yupoo.com/albums/113863271?uid=1&isSubCate=false&referrercate=3903592,,False,,12
113863263,Retro 2012/13 Manchester United  home S-XXL,https://yang-jersey.x.yupoo.com/albums/113863263?uid=1&isSubCate=false&referrercate=3903592,,False,,12
113863246,Retro 1990/92 Manchester United away S-XXL,https://yang-jersey.x.yupoo.com/albums/113863246?uid=1&isSubCate=false&referrercate=3903592,,False,,12
113863111,Retro 2006 Italy  Goalkeeper yellow  S-XXL,https://yang-jersey.x.yupoo.com/albums/113863111?uid=1&isSubCate=false&referrercate=3903592,,False,,12
113863103,Retro 2006 Italy Goalkeeper red  S-XXL,https://yang-jersey.x.yupoo.com/albums/113863103?uid=1&isSubCate=false&referrercate=3903592,,False,,12
113863093,Retro 2006 Argentina home S-XXL,https://yang-jersey.x.yupoo.com/albums/113863093?uid=1&isSubCate=false&referrercate=3903592,,False,,12
113863083,Retro 2006 Japan home S-XXL,https://yang-jersey.x.yupoo.com/albums/113863083?uid=1&isSubCate=false&referrercate=3903592,,False,,12
113863077,Retro 2006 Japan away S-XXL,https://yang-jersey.x.yupoo.com/albums/113863077?uid=1&isSubCate=false&referrercate=3903592,,False,,12
113863047,Retro 1990/92 Manchester United home S-XXL,https://yang-jersey.x.yupoo.com/albums/113863047?uid=1&isSubCate=false&referrercate=3903592,,False,,12
113863032,Retro 1990 England home S-XXL,https://yang-jersey.x.yupoo.com/albums/113863032?uid=1&isSubCate=false&referrercate=3903592,,False,,12
113863025,Retro Barcelona 1989/92 home S-XXL,https://yang-jersey.x.yupoo.com/albums/113863025?uid=1&isSubCate=false&referrercate=3903592,,False,,12
113862998,Retro 2006/07 AC Milan away S-XXL,https://yang-jersey.x.yupoo.com/albums/113862998?uid=1&isSubCate=false&referrercate=3903592,,False,,12
113862953,Retro 1994 Italy away S-XXL,https://yang-jersey.x.yupoo.com/albums/113862953?uid=1&isSubCate=false&referrercate=3903592,,False,,12
113862946,Retro Italy 1994 home S-XXL,https://yang-jersey.x.yupoo.com/albums/113862946?uid=1&isSubCate=false&referrercate=3903592,,False,,12
113862942,Retro 2003/05 Chelsea home S-XXL,https://yang-jersey.x.yupoo.com/albums/113862942?uid=1&isSubCate=false&referrercate=3903592,,False,,12
113862936,Retro 2009/10  Real Madrid home S-XXL,https://yang-jersey.x.yupoo.com/albums/113862936?uid=1&isSubCate=false&referrercate=3903592,,False,,12
113862907,Retro 1994/96 Real Madrid home S-XXL,https://yang-jersey.x.yupoo.com/albums/113862907?uid=1&isSubCate=false&referrercate=3903592,,False,,12
113862901,Retro Barcelona 2011/12 home S-XXL,https://yang-jersey.x.yupoo.com/albums/113862901?uid=1&isSubCate=false&referrercate=3903592,,False,,12
113862893,Retro 2000 France  home S-XXL,https://yang-jersey.x.yupoo.com/albums/113862893?uid=1&isSubCate=false&referrercate=3903592,,False,,12
113862890,Retro Japan 2000 home S-XXL,https://yang-jersey.x.yupoo.com/albums/113862890?uid=1&isSubCate=false&referrercate=3903592,,False,,12
113862874,Retro Long Sleeve 2014/15 Real Madrid home S-XXL,https://yang-jersey.x.yupoo.com/albums/113862874?uid=1&isSubCate=false&referrercate=3903592,,False,,12
113862868,Retro  2014/15 Real Madrid home S-XXL,https://yang-jersey.x.yupoo.com/albums/113862868?uid=1&isSubCate=false&referrercate=3903592,,False,,12
113862863,Retro 2014/15 Real Madrid away long-sleeved shirt S-XXL,https://yang-jersey.x.yupoo.com/albums/113862863?uid=1&isSubCate=false&referrercate=3903592,,False,,12
113862858,Retro 2014/15 Real Madrid away S-XXL,https://yang-jersey.x.yupoo.com/albums/113862858?uid=1&isSubCate=false&referrercate=3903592,,False,,12
113862849,Retro 2014/15 Real Madrid second away long-sleeved shirt S-XXL,https://yang-jersey.x.yupoo.com/albums/113862849?uid=1&isSubCate=false&referrercate=3903592,,False,,12
113862842,Retro 2014/15 Real Madrid Second Away S-XXL,https://yang-jersey.x.yupoo.com/albums/113862842?uid=1&isSubCate=false&referrercate=3903592,,False,,12
113862822,Retro 2007/08 Manchester United  home Champions League version  S-XXL,https://yang-jersey.x.yupoo.com/albums/113862822?uid=1&isSubCate=false&referrercate=3903592,,False,,12
113862812,Retro 1999/00 Barcelona home 100th Anniversary version  S-XXL,https://yang-jersey.x.yupoo.com/albums/113862812?uid=1&isSubCate=false&referrercate=3903592,,False,,12
113862805,Retro 1998 France home S-XXL,https://yang-jersey.x.yupoo.com/albums/113862805?uid=1&isSubCate=false&referrercate=3903592,,False,,12
113862798,Retro 1978 Argentina home S-XXL,https://yang-jersey.x.yupoo.com/albums/113862798?uid=1&isSubCate=false&referrercate=3903592,,False,,12
113862790,Retro 1994 Germany away S-XXL,https://yang-jersey.x.yupoo.com/albums/113862790?uid=1&isSubCate=false&referrercate=3903592,,False,,12
113862788,Retro 2002/03 Real Madrid home long-sleeved shirt S-XXL,https://yang-jersey.x.yupoo.com/albums/113862788?uid=1&isSubCate=false&referrercate=3903592,,False,,12
113862771,Retro 1986 Argentina home S-XXL,https://yang-jersey.x.yupoo.com/albums/113862771?uid=1&isSubCate=false&referrercate=3903592,,False,,12
113862757,Retro 1998 Mexico away S-XXL,https://yang-jersey.x.yupoo.com/albums/113862757?uid=1&isSubCate=false&referrercate=3903592,,False,,12
113862743,Retro 1998 Mexico home S-XXL,https://yang-jersey.x.yupoo.com/albums/113862743?uid=1&isSubCate=false&referrercate=3903592,,False,,12
113862739,Retro 1999/00 ACF Fiorentina home S-XXL,https://yang-jersey.x.yupoo.com/albums/113862739?uid=1&isSubCate=false&referrercate=3903592,,False,,12
113862732,Retro 1998/99 Manchester United  home S-XXL,https://yang-jersey.x.yupoo.com/albums/113862732?uid=1&isSubCate=false&referrercate=3903592,,False,,12
113862720,Retro 1998/99 Manchester United home  long-sleeved  S-XXL,https://yang-jersey.x.yupoo.com/albums/113862720?uid=1&isSubCate=false&referrercate=3903592,,False,,12
113862716,Retro 1992/94 Manchester United  away S-XXL,https://yang-jersey.x.yupoo.com/albums/113862716?uid=1&isSubCate=false&referrercate=3903592,,False,,12
113862703,Retro 2004/05 Real Madrid home S-XXL,https://yang-jersey.x.yupoo.com/albums/113862703?uid=1&isSubCate=false&referrercate=3903592,,False,,12
113862679,Retro 1998/99 Fiorentina home S-XXL,https://yang-jersey.x.yupoo.com/albums/113862679?uid=1&isSubCate=false&referrercate=3903592,,False,,12
113862666,Retro 1998/99 Fiorentina home S-XXL,https://yang-jersey.x.yupoo.com/albums/113862666?uid=1&isSubCate=false&referrercate=3903592,,False,,12
113862331,Retro 1994/95 Spain home S-XXL,https://yang-jersey.x.yupoo.com/albums/113862331?uid=1&isSubCate=false&referrercate=3903592,,False,,12
113862299,Retro shirt 2009/10 Valencia home  S-XXL,https://yang-jersey.x.yupoo.com/albums/113862299?uid=1&isSubCate=false&referrercate=3903592,,False,,12
113862281,Retro 2005 Boca Juniors 100th Anniversary Edition Football Shirt S-XXL,https://yang-jersey.x.yupoo.com/albums/113862281?uid=1&isSubCate=false&referrercate=3903592,,False,,12
113862267,Retro 1996 Germany home S-XXL,https://yang-jersey.x.yupoo.com/albums/113862267?uid=1&isSubCate=false&referrercate=3903592,,False,,12
113862250,Retro 1990 Germany home S-XXL,https://yang-jersey.x.yupoo.com/albums/113862250?uid=1&isSubCate=false&referrercate=3903592,,False,,12
113862190,1998/99 Parma home retro shirt  S-XXL,https://yang-jersey.x.yupoo.com/albums/113862190?uid=1&isSubCate=false&referrercate=3903592,,False,,12
113862186,2001 Boca home retro shirt,https://yang-jersey.x.yupoo.com/albums/113862186?uid=1&isSubCate=false&referrercate=3903592,,False,,12
113862178,Mexico 1994 retro shirt home,https://yang-jersey.x.yupoo.com/albums/113862178?uid=1&isSubCate=false&referrercate=3903592,,False,,12
113862173,1995 Netherlands home retro jersey,https://yang-jersey.x.yupoo.com/albums/113862173?uid=1&isSubCate=false&referrercate=3903592,,False,,12
113862168,1991 Netherlands home retro jersey,https://yang-jersey.x.yupoo.com/albums/113862168?uid=1&isSubCate=false&referrercate=3903592,,False,,12
113862066,Retro 2001/02 Roma home S-XXL,https://yang-jersey.x.yupoo.com/albums/113862066?uid=1&isSubCate=false&referrercate=3903592,,False,,12
113862004,Retro 2010 Portugal Home S-XXL,https://yang-jersey.x.yupoo.com/albums/113862004?uid=1&isSubCate=false&referrercate=3903592,,False,,12
113861996,Retro 1996/97 Barcelona home  S-XXL,https://yang-jersey.x.yupoo.com/albums/113861996?uid=1&isSubCate=false&referrercate=3903592,,False,,12
113861968,Retro 2008/09 Manchester United Second Away  S-XXL,https://yang-jersey.x.yupoo.com/albums/113861968?uid=1&isSubCate=false&referrercate=3903592,,False,,12
113861945,2011/12 Real Madrid away,https://yang-jersey.x.yupoo.com/albums/113861945?uid=1&isSubCate=false&referrercate=3903592,,False,,12
113861907,Retro 07/08 Barcelona home S-XXL,https://yang-jersey.x.yupoo.com/albums/113861907?uid=1&isSubCate=false&referrercate=3903592,,False,,12
113861880,Retro 07/08 Barcelona long sleeves home S-XXL,https://yang-jersey.x.yupoo.com/albums/113861880?uid=1&isSubCate=false&referrercate=3903592,,False,,12
113861826,1998 models long-sleeved retro Inter,https://yang-jersey.x.yupoo.com/albums/113861826?uid=1&isSubCate=false&referrercate=3903592,,False,,12
113861807,1998 models short-sleeved retro Inter,https://yang-jersey.x.yupoo.com/albums/113861807?uid=1&isSubCate=false&referrercate=3903592,,False,,12
113861776,Retro 1988 germany away S-XXL,https://yang-jersey.x.yupoo.com/albums/113861776?uid=1&isSubCate=false&referrercate=3903592,,False,,12
113861771,Retro 1988 Holland Home Retro,https://yang-jersey.x.yupoo.com/albums/113861771?uid=1&isSubCate=false&referrercate=3903592,,False,,12
